"season","game_id","gameday","home_team","away_team","home_win_pct","away_win_pct","lead_changes"
2010,"2010_01_MIN_NO","2010-09-09","NO","MIN",0,0,2
2010,"2010_01_MIA_BUF","2010-09-12","BUF","MIA",0,0,0
2010,"2010_01_DET_CHI","2010-09-12","CHI","DET",0,0,2
2010,"2010_01_IND_HOU","2010-09-12","HOU","IND",0,0,0
2010,"2010_01_DEN_JAX","2010-09-12","JAX","DEN",0,0,0
2010,"2010_01_CIN_NE","2010-09-12","NE","CIN",0,0,0
2010,"2010_01_CAR_NYG","2010-09-12","NYG","CAR",0,0,5
2010,"2010_01_ATL_PIT","2010-09-12","PIT","ATL",0,0,2
2010,"2010_01_CLE_TB","2010-09-12","TB","CLE",0,0,1
2010,"2010_01_OAK_TEN","2010-09-12","TEN","OAK",0,0,1
2010,"2010_01_GB_PHI","2010-09-12","PHI","GB",0,0,1
2010,"2010_01_SF_SEA","2010-09-12","SEA","SF",0,0,1
2010,"2010_01_ARI_STL","2010-09-12","STL","ARI",0,0,2
2010,"2010_01_DAL_WAS","2010-09-12","WAS","DAL",0,0,0
2010,"2010_01_BAL_NYJ","2010-09-13","NYJ","BAL",0,0,1
2010,"2010_01_SD_KC","2010-09-13","KC","SD",0,0,1
2010,"2010_02_ARI_ATL","2010-09-19","ATL","ARI",0,1,0
2010,"2010_02_TB_CAR","2010-09-19","CAR","TB",0,1,0
2010,"2010_02_BAL_CIN","2010-09-19","CIN","BAL",0,1,4
2010,"2010_02_KC_CLE","2010-09-19","CLE","KC",0,1,4
2010,"2010_02_CHI_DAL","2010-09-19","DAL","CHI",0,1,4
2010,"2010_02_PHI_DET","2010-09-19","DET","PHI",0,0,2
2010,"2010_02_BUF_GB","2010-09-19","GB","BUF",1,0,0
2010,"2010_02_MIA_MIN","2010-09-19","MIN","MIA",0,1,0
2010,"2010_02_PIT_TEN","2010-09-19","TEN","PIT",1,1,0
2010,"2010_02_SEA_DEN","2010-09-19","DEN","SEA",0,1,0
2010,"2010_02_STL_OAK","2010-09-19","OAK","STL",0,0,1
2010,"2010_02_NE_NYJ","2010-09-19","NYJ","NE",0,1,1
2010,"2010_02_JAX_SD","2010-09-19","SD","JAX",0,1,0
2010,"2010_02_HOU_WAS","2010-09-19","WAS","HOU",1,1,3
2010,"2010_02_NYG_IND","2010-09-19","IND","NYG",0,1,0
2010,"2010_02_NO_SF","2010-09-20","SF","NO",0,1,2
2010,"2010_03_CLE_BAL","2010-09-26","BAL","CLE",0.5,0,3
2010,"2010_03_CIN_CAR","2010-09-26","CAR","CIN",0,0.5,0
2010,"2010_03_DAL_HOU","2010-09-26","HOU","DAL",1,0,1
2010,"2010_03_SF_KC","2010-09-26","KC","SF",1,0,0
2010,"2010_03_DET_MIN","2010-09-26","MIN","DET",0,0,1
2010,"2010_03_BUF_NE","2010-09-26","NE","BUF",0.5,0,5
2010,"2010_03_ATL_NO","2010-09-26","NO","ATL",1,0.5,3
2010,"2010_03_TEN_NYG","2010-09-26","NYG","TEN",0.5,0.5,0
2010,"2010_03_PIT_TB","2010-09-26","TB","PIT",1,1,1
2010,"2010_03_PHI_JAX","2010-09-26","JAX","PHI",0.5,0.5,0
2010,"2010_03_WAS_STL","2010-09-26","STL","WAS",0,0.5,2
2010,"2010_03_OAK_ARI","2010-09-26","ARI","OAK",0.5,0.5,4
2010,"2010_03_IND_DEN","2010-09-26","DEN","IND",0.5,0.5,0
2010,"2010_03_SD_SEA","2010-09-26","SEA","SD",0.5,0.5,0
2010,"2010_03_NYJ_MIA","2010-09-26","MIA","NYJ",1,0.5,2
2010,"2010_03_GB_CHI","2010-09-27","CHI","GB",1,1,3
2010,"2010_04_SF_ATL","2010-10-03","ATL","SF",0.666666666666667,0,1
2010,"2010_04_NYJ_BUF","2010-10-03","BUF","NYJ",0,0.666666666666667,0
2010,"2010_04_CIN_CLE","2010-10-03","CLE","CIN",0,0.666666666666667,0
2010,"2010_04_DET_GB","2010-10-03","GB","DET",0.666666666666667,0,0
2010,"2010_04_CAR_NO","2010-10-03","NO","CAR",0.666666666666667,0,2
2010,"2010_04_BAL_PIT","2010-10-03","PIT","BAL",1,0.666666666666667,3
2010,"2010_04_SEA_STL","2010-10-03","STL","SEA",0.333333333333333,0.666666666666667,0
2010,"2010_04_DEN_TEN","2010-10-03","TEN","DEN",0.666666666666667,0.333333333333333,2
2010,"2010_04_IND_JAX","2010-10-03","JAX","IND",0.333333333333333,0.666666666666667,1
2010,"2010_04_HOU_OAK","2010-10-03","OAK","HOU",0.333333333333333,0.666666666666667,0
2010,"2010_04_WAS_PHI","2010-10-03","PHI","WAS",0.666666666666667,0.333333333333333,0
2010,"2010_04_ARI_SD","2010-10-03","SD","ARI",0.333333333333333,0.666666666666667,0
2010,"2010_04_CHI_NYG","2010-10-03","NYG","CHI",0.333333333333333,1,0
2010,"2010_04_NE_MIA","2010-10-04","MIA","NE",0.666666666666667,0.666666666666667,1
2010,"2010_05_DEN_BAL","2010-10-10","BAL","DEN",0.75,0.5,0
2010,"2010_05_JAX_BUF","2010-10-10","BUF","JAX",0,0.5,1
2010,"2010_05_CHI_CAR","2010-10-10","CAR","CHI",0,0.75,0
2010,"2010_05_TB_CIN","2010-10-10","CIN","TB",0.5,0.666666666666667,3
2010,"2010_05_ATL_CLE","2010-10-10","CLE","ATL",0.25,0.75,2
2010,"2010_05_STL_DET","2010-10-10","DET","STL",0,0.5,0
2010,"2010_05_NYG_HOU","2010-10-10","HOU","NYG",0.75,0.5,0
2010,"2010_05_KC_IND","2010-10-10","IND","KC",0.5,1,0
2010,"2010_05_GB_WAS","2010-10-10","WAS","GB",0.5,0.75,1
2010,"2010_05_NO_ARI","2010-10-10","ARI","NO",0.5,0.75,1
2010,"2010_05_TEN_DAL","2010-10-10","DAL","TEN",0.333333333333333,0.5,0
2010,"2010_05_SD_OAK","2010-10-10","OAK","SD",0.25,0.5,4
2010,"2010_05_PHI_SF","2010-10-10","SF","PHI",0,0.5,1
2010,"2010_05_MIN_NYJ","2010-10-11","NYJ","MIN",0.75,0.333333333333333,0
2010,"2010_06_SEA_CHI","2010-10-17","CHI","SEA",0.8,0.5,1
2010,"2010_06_MIA_GB","2010-10-17","GB","MIA",0.6,0.5,3
2010,"2010_06_KC_HOU","2010-10-17","HOU","KC",0.6,0.75,1
2010,"2010_06_BAL_NE","2010-10-17","NE","BAL",0.75,0.8,3
2010,"2010_06_DET_NYG","2010-10-17","NYG","DET",0.6,0.2,1
2010,"2010_06_ATL_PHI","2010-10-17","PHI","ATL",0.6,0.8,0
2010,"2010_06_CLE_PIT","2010-10-17","PIT","CLE",0.75,0.2,1
2010,"2010_06_SD_STL","2010-10-17","STL","SD",0.4,0.4,0
2010,"2010_06_NO_TB","2010-10-17","TB","NO",0.75,0.6,0
2010,"2010_06_NYJ_DEN","2010-10-17","DEN","NYJ",0.4,0.8,2
2010,"2010_06_OAK_SF","2010-10-17","SF","OAK",0,0.4,1
2010,"2010_06_DAL_MIN","2010-10-17","MIN","DAL",0.25,0.25,1
2010,"2010_06_IND_WAS","2010-10-17","WAS","IND",0.6,0.6,0
2010,"2010_06_TEN_JAX","2010-10-18","JAX","TEN",0.6,0.6,0
2010,"2010_07_CIN_ATL","2010-10-24","ATL","CIN",0.666666666666667,0.4,2
2010,"2010_07_BUF_BAL","2010-10-24","BAL","BUF",0.666666666666667,0,2
2010,"2010_07_SF_CAR","2010-10-24","CAR","SF",0,0.166666666666667,3
2010,"2010_07_WAS_CHI","2010-10-24","CHI","WAS",0.666666666666667,0.5,3
2010,"2010_07_JAX_KC","2010-10-24","KC","JAX",0.6,0.5,2
2010,"2010_07_PIT_MIA","2010-10-24","MIA","PIT",0.6,0.8,3
2010,"2010_07_CLE_NO","2010-10-24","NO","CLE",0.666666666666667,0.166666666666667,0
2010,"2010_07_STL_TB","2010-10-24","TB","STL",0.6,0.5,2
2010,"2010_07_PHI_TEN","2010-10-24","TEN","PHI",0.666666666666667,0.666666666666667,3
2010,"2010_07_ARI_SEA","2010-10-24","SEA","ARI",0.6,0.6,0
2010,"2010_07_OAK_DEN","2010-10-24","DEN","OAK",0.333333333333333,0.333333333333333,0
2010,"2010_07_NE_SD","2010-10-24","SD","NE",0.333333333333333,0.8,1
2010,"2010_07_MIN_GB","2010-10-24","GB","MIN",0.5,0.4,2
2010,"2010_07_NYG_DAL","2010-10-25","DAL","NYG",0.2,0.666666666666667,1
2010,"2010_08_MIA_CIN","2010-10-31","CIN","MIA",0.333333333333333,0.5,1
2010,"2010_08_JAX_DAL","2010-10-31","DAL","JAX",0.166666666666667,0.428571428571429,1
2010,"2010_08_WAS_DET","2010-10-31","DET","WAS",0.166666666666667,0.571428571428571,6
2010,"2010_08_BUF_KC","2010-10-31","KC","BUF",0.666666666666667,0,0
2010,"2010_08_GB_NYJ","2010-10-31","NYJ","GB",0.833333333333333,0.571428571428571,0
2010,"2010_08_DEN_SF","2010-10-31","SF","DEN",0.142857142857143,0.285714285714286,2
2010,"2010_08_CAR_STL","2010-10-31","STL","CAR",0.428571428571429,0.166666666666667,0
2010,"2010_08_TEN_SD","2010-10-31","SD","TEN",0.285714285714286,0.714285714285714,3
2010,"2010_08_TB_ARI","2010-10-31","ARI","TB",0.5,0.666666666666667,3
2010,"2010_08_MIN_NE","2010-10-31","NE","MIN",0.833333333333333,0.333333333333333,1
2010,"2010_08_SEA_OAK","2010-10-31","OAK","SEA",0.428571428571429,0.666666666666667,0
2010,"2010_08_PIT_NO","2010-10-31","NO","PIT",0.571428571428571,0.833333333333333,1
2010,"2010_08_HOU_IND","2010-11-01","IND","HOU",0.666666666666667,0.666666666666667,0
2010,"2010_09_TB_ATL","2010-11-07","ATL","TB",0.714285714285714,0.714285714285714,0
2010,"2010_09_MIA_BAL","2010-11-07","BAL","MIA",0.714285714285714,0.571428571428571,0
2010,"2010_09_CHI_BUF","2010-11-07","BUF","CHI",0,0.571428571428571,2
2010,"2010_09_NO_CAR","2010-11-07","CAR","NO",0.142857142857143,0.625,1
2010,"2010_09_NE_CLE","2010-11-07","CLE","NE",0.285714285714286,0.857142857142857,0
2010,"2010_09_NYJ_DET","2010-11-07","DET","NYJ",0.285714285714286,0.714285714285714,3
2010,"2010_09_SD_HOU","2010-11-07","HOU","SD",0.571428571428571,0.375,5
2010,"2010_09_ARI_MIN","2010-11-07","MIN","ARI",0.285714285714286,0.428571428571429,2
2010,"2010_09_NYG_SEA","2010-11-07","SEA","NYG",0.571428571428571,0.714285714285714,0
2010,"2010_09_KC_OAK","2010-11-07","OAK","KC",0.5,0.714285714285714,3
2010,"2010_09_IND_PHI","2010-11-07","PHI","IND",0.571428571428571,0.714285714285714,2
2010,"2010_09_DAL_GB","2010-11-07","GB","DAL",0.625,0.142857142857143,0
2010,"2010_09_PIT_CIN","2010-11-08","CIN","PIT",0.285714285714286,0.714285714285714,0
2010,"2010_10_BAL_ATL","2010-11-11","ATL","BAL",0.75,0.75,2
2010,"2010_10_DET_BUF","2010-11-14","BUF","DET",0,0.25,0
2010,"2010_10_MIN_CHI","2010-11-14","CHI","MIN",0.625,0.375,3
2010,"2010_10_NYJ_CLE","2010-11-14","CLE","NYJ",0.375,0.75,1
2010,"2010_10_CIN_IND","2010-11-14","IND","CIN",0.625,0.25,0
2010,"2010_10_HOU_JAX","2010-11-14","JAX","HOU",0.5,0.5,0
2010,"2010_10_TEN_MIA","2010-11-14","MIA","TEN",0.5,0.625,2
2010,"2010_10_CAR_TB","2010-11-14","TB","CAR",0.625,0.125,0
2010,"2010_10_KC_DEN","2010-11-14","DEN","KC",0.25,0.625,0
2010,"2010_10_SEA_ARI","2010-11-14","ARI","SEA",0.375,0.5,1
2010,"2010_10_DAL_NYG","2010-11-14","NYG","DAL",0.75,0.125,1
2010,"2010_10_STL_SF","2010-11-14","SF","STL",0.25,0.5,3
2010,"2010_10_NE_PIT","2010-11-14","PIT","NE",0.75,0.75,0
2010,"2010_10_PHI_WAS","2010-11-15","WAS","PHI",0.5,0.625,0
2010,"2010_11_CHI_MIA","2010-11-18","MIA","CHI",0.555555555555556,0.666666666666667,0
2010,"2010_11_BAL_CAR","2010-11-21","CAR","BAL",0.111111111111111,0.666666666666667,0
2010,"2010_11_BUF_CIN","2010-11-21","CIN","BUF",0.222222222222222,0.111111111111111,1
2010,"2010_11_DET_DAL","2010-11-21","DAL","DET",0.222222222222222,0.222222222222222,2
2010,"2010_11_CLE_JAX","2010-11-21","JAX","CLE",0.555555555555556,0.333333333333333,4
2010,"2010_11_ARI_KC","2010-11-21","KC","ARI",0.555555555555556,0.333333333333333,1
2010,"2010_11_GB_MIN","2010-11-21","MIN","GB",0.333333333333333,0.666666666666667,1
2010,"2010_11_HOU_NYJ","2010-11-21","NYJ","HOU",0.777777777777778,0.444444444444444,4
2010,"2010_11_OAK_PIT","2010-11-21","PIT","OAK",0.666666666666667,0.555555555555556,1
2010,"2010_11_WAS_TEN","2010-11-21","TEN","WAS",0.555555555555556,0.444444444444444,3
2010,"2010_11_SEA_NO","2010-11-21","NO","SEA",0.666666666666667,0.555555555555556,1
2010,"2010_11_TB_SF","2010-11-21","SF","TB",0.333333333333333,0.666666666666667,0
2010,"2010_11_ATL_STL","2010-11-21","STL","ATL",0.444444444444444,0.777777777777778,3
2010,"2010_11_IND_NE","2010-11-21","NE","IND",0.777777777777778,0.666666666666667,0
2010,"2010_11_NYG_PHI","2010-11-21","PHI","NYG",0.666666666666667,0.666666666666667,2
2010,"2010_11_DEN_SD","2010-11-22","SD","DEN",0.444444444444444,0.333333333333333,1
2010,"2010_12_NE_DET","2010-11-25","DET","NE",0.2,0.8,2
2010,"2010_12_NO_DAL","2010-11-25","DAL","NO",0.3,0.7,2
2010,"2010_12_CIN_NYJ","2010-11-25","NYJ","CIN",0.8,0.2,2
2010,"2010_12_GB_ATL","2010-11-28","ATL","GB",0.8,0.7,0
2010,"2010_12_PIT_BUF","2010-11-28","BUF","PIT",0.2,0.7,0
2010,"2010_12_CAR_CLE","2010-11-28","CLE","CAR",0.3,0.1,3
2010,"2010_12_TEN_HOU","2010-11-28","HOU","TEN",0.4,0.5,0
2010,"2010_12_JAX_NYG","2010-11-28","NYG","JAX",0.6,0.6,2
2010,"2010_12_MIN_WAS","2010-11-28","WAS","MIN",0.5,0.3,1
2010,"2010_12_MIA_OAK","2010-11-28","OAK","MIA",0.5,0.5,3
2010,"2010_12_KC_SEA","2010-11-28","SEA","KC",0.5,0.6,0
2010,"2010_12_TB_BAL","2010-11-28","BAL","TB",0.7,0.7,0
2010,"2010_12_PHI_CHI","2010-11-28","CHI","PHI",0.7,0.7,1
2010,"2010_12_STL_DEN","2010-11-28","DEN","STL",0.3,0.4,1
2010,"2010_12_SD_IND","2010-11-28","IND","SD",0.6,0.5,1
2010,"2010_12_SF_ARI","2010-11-29","ARI","SF",0.3,0.3,0
2010,"2010_13_HOU_PHI","2010-12-02","PHI","HOU",0.636363636363636,0.454545454545455,2
2010,"2010_13_NO_CIN","2010-12-05","CIN","NO",0.181818181818182,0.727272727272727,2
2010,"2010_13_CHI_DET","2010-12-05","DET","CHI",0.181818181818182,0.727272727272727,3
2010,"2010_13_SF_GB","2010-12-05","GB","SF",0.636363636363636,0.363636363636364,1
2010,"2010_13_DEN_KC","2010-12-05","KC","DEN",0.636363636363636,0.272727272727273,0
2010,"2010_13_CLE_MIA","2010-12-05","MIA","CLE",0.545454545454545,0.363636363636364,0
2010,"2010_13_BUF_MIN","2010-12-05","MIN","BUF",0.363636363636364,0.181818181818182,1
2010,"2010_13_WAS_NYG","2010-12-05","NYG","WAS",0.636363636363636,0.454545454545455,0
2010,"2010_13_JAX_TEN","2010-12-05","TEN","JAX",0.454545454545455,0.545454545454545,0
2010,"2010_13_OAK_SD","2010-12-05","SD","OAK",0.545454545454545,0.454545454545455,0
2010,"2010_13_STL_ARI","2010-12-05","ARI","STL",0.272727272727273,0.454545454545455,1
2010,"2010_13_DAL_IND","2010-12-05","IND","DAL",0.545454545454545,0.272727272727273,2
2010,"2010_13_CAR_SEA","2010-12-05","SEA","CAR",0.454545454545455,0.0909090909090909,1
2010,"2010_13_ATL_TB","2010-12-05","TB","ATL",0.636363636363636,0.818181818181818,2
2010,"2010_13_PIT_BAL","2010-12-05","BAL","PIT",0.727272727272727,0.727272727272727,1
2010,"2010_13_NYJ_NE","2010-12-06","NE","NYJ",0.818181818181818,0.818181818181818,0
2010,"2010_14_IND_TEN","2010-12-09","TEN","IND",0.416666666666667,0.5,0
2010,"2010_14_CLE_BUF","2010-12-12","BUF","CLE",0.166666666666667,0.416666666666667,1
2010,"2010_14_ATL_CAR","2010-12-12","CAR","ATL",0.0833333333333333,0.833333333333333,0
2010,"2010_14_GB_DET","2010-12-12","DET","GB",0.166666666666667,0.666666666666667,1
2010,"2010_14_OAK_JAX","2010-12-12","JAX","OAK",0.583333333333333,0.5,1
2010,"2010_14_CIN_PIT","2010-12-12","PIT","CIN",0.75,0.166666666666667,1
2010,"2010_14_TB_WAS","2010-12-12","WAS","TB",0.416666666666667,0.583333333333333,1
2010,"2010_14_STL_NO","2010-12-12","NO","STL",0.75,0.5,0
2010,"2010_14_SEA_SF","2010-12-12","SF","SEA",0.333333333333333,0.5,0
2010,"2010_14_DEN_ARI","2010-12-12","ARI","DEN",0.25,0.25,1
2010,"2010_14_NE_CHI","2010-12-12","CHI","NE",0.75,0.833333333333333,0
2010,"2010_14_MIA_NYJ","2010-12-12","NYJ","MIA",0.75,0.5,0
2010,"2010_14_KC_SD","2010-12-12","SD","KC",0.5,0.666666666666667,0
2010,"2010_14_PHI_DAL","2010-12-12","DAL","PHI",0.333333333333333,0.666666666666667,2
2010,"2010_14_NYG_MIN","2010-12-13","MIN","NYG",0.416666666666667,0.666666666666667,1
2010,"2010_14_BAL_HOU","2010-12-13","HOU","BAL",0.416666666666667,0.666666666666667,0
2010,"2010_15_SF_SD","2010-12-16","SD","SF",0.538461538461538,0.384615384615385,0
2010,"2010_15_NO_BAL","2010-12-19","BAL","NO",0.692307692307692,0.769230769230769,1
2010,"2010_15_ARI_CAR","2010-12-19","CAR","ARI",0.0769230769230769,0.307692307692308,0
2010,"2010_15_CLE_CIN","2010-12-19","CIN","CLE",0.153846153846154,0.384615384615385,1
2010,"2010_15_WAS_DAL","2010-12-19","DAL","WAS",0.307692307692308,0.384615384615385,0
2010,"2010_15_JAX_IND","2010-12-19","IND","JAX",0.538461538461538,0.615384615384615,0
2010,"2010_15_BUF_MIA","2010-12-19","MIA","BUF",0.538461538461538,0.230769230769231,0
2010,"2010_15_PHI_NYG","2010-12-19","NYG","PHI",0.692307692307692,0.692307692307692,1
2010,"2010_15_KC_STL","2010-12-19","STL","KC",0.461538461538462,0.615384615384615,1
2010,"2010_15_DET_TB","2010-12-19","TB","DET",0.615384615384615,0.230769230769231,4
2010,"2010_15_HOU_TEN","2010-12-19","TEN","HOU",0.384615384615385,0.384615384615385,0
2010,"2010_15_ATL_SEA","2010-12-19","SEA","ATL",0.461538461538462,0.846153846153846,1
2010,"2010_15_DEN_OAK","2010-12-19","OAK","DEN",0.461538461538462,0.230769230769231,2
2010,"2010_15_NYJ_PIT","2010-12-19","PIT","NYJ",0.769230769230769,0.692307692307692,2
2010,"2010_15_GB_NE","2010-12-19","NE","GB",0.846153846153846,0.615384615384615,5
2010,"2010_15_CHI_MIN","2010-12-20","MIN","CHI",0.384615384615385,0.692307692307692,1
2010,"2010_16_CAR_PIT","2010-12-23","PIT","CAR",0.714285714285714,0.142857142857143,0
2010,"2010_16_DAL_ARI","2010-12-25","ARI","DAL",0.285714285714286,0.357142857142857,2
2010,"2010_16_NE_BUF","2010-12-26","BUF","NE",0.285714285714286,0.857142857142857,1
2010,"2010_16_NYJ_CHI","2010-12-26","CHI","NYJ",0.714285714285714,0.714285714285714,2
2010,"2010_16_BAL_CLE","2010-12-26","CLE","BAL",0.357142857142857,0.714285714285714,1
2010,"2010_16_WAS_JAX","2010-12-26","JAX","WAS",0.571428571428571,0.357142857142857,0
2010,"2010_16_TEN_KC","2010-12-26","KC","TEN",0.642857142857143,0.428571428571429,0
2010,"2010_16_DET_MIA","2010-12-26","MIA","DET",0.5,0.285714285714286,2
2010,"2010_16_SF_STL","2010-12-26","STL","SF",0.428571428571429,0.357142857142857,2
2010,"2010_16_SD_CIN","2010-12-26","CIN","SD",0.214285714285714,0.571428571428571,0
2010,"2010_16_HOU_DEN","2010-12-26","DEN","HOU",0.214285714285714,0.357142857142857,1
2010,"2010_16_IND_OAK","2010-12-26","OAK","IND",0.5,0.571428571428571,3
2010,"2010_16_NYG_GB","2010-12-26","GB","NYG",0.571428571428571,0.642857142857143,0
2010,"2010_16_SEA_TB","2010-12-26","TB","SEA",0.571428571428571,0.428571428571429,1
2010,"2010_16_NO_ATL","2010-12-27","ATL","NO",0.857142857142857,0.714285714285714,2
2010,"2010_16_MIN_PHI","2010-12-28","PHI","MIN",0.714285714285714,0.357142857142857,1
2010,"2010_17_CAR_ATL","2011-01-02","ATL","CAR",0.8,0.133333333333333,0
2010,"2010_17_CIN_BAL","2011-01-02","BAL","CIN",0.733333333333333,0.266666666666667,0
2010,"2010_17_PIT_CLE","2011-01-02","CLE","PIT",0.333333333333333,0.733333333333333,0
2010,"2010_17_MIN_DET","2011-01-02","DET","MIN",0.333333333333333,0.4,0
2010,"2010_17_OAK_KC","2011-01-02","KC","OAK",0.666666666666667,0.466666666666667,1
2010,"2010_17_MIA_NE","2011-01-02","NE","MIA",0.866666666666667,0.466666666666667,0
2010,"2010_17_TB_NO","2011-01-02","NO","TB",0.733333333333333,0.6,2
2010,"2010_17_BUF_NYJ","2011-01-02","NYJ","BUF",0.666666666666667,0.266666666666667,0
2010,"2010_17_SD_DEN","2011-01-02","DEN","SD",0.266666666666667,0.533333333333333,1
2010,"2010_17_CHI_GB","2011-01-02","GB","CHI",0.6,0.733333333333333,1
2010,"2010_17_JAX_HOU","2011-01-02","HOU","JAX",0.333333333333333,0.533333333333333,0
2010,"2010_17_TEN_IND","2011-01-02","IND","TEN",0.6,0.4,0
2010,"2010_17_DAL_PHI","2011-01-02","PHI","DAL",0.666666666666667,0.333333333333333,1
2010,"2010_17_ARI_SF","2011-01-02","SF","ARI",0.333333333333333,0.333333333333333,0
2010,"2010_17_NYG_WAS","2011-01-02","WAS","NYG",0.4,0.6,0
2010,"2010_17_STL_SEA","2011-01-02","SEA","STL",0.4,0.466666666666667,0
2010,"2010_18_NO_SEA","2011-01-08","SEA","NO",0.4375,0.6875,1
2010,"2010_18_NYJ_IND","2011-01-08","IND","NYJ",0.625,0.6875,3
2010,"2010_18_BAL_KC","2011-01-09","KC","BAL",0.625,0.75,2
2010,"2010_18_GB_PHI","2011-01-09","PHI","GB",0.625,0.625,0
2010,"2010_19_BAL_PIT","2011-01-15","PIT","BAL",0.75,0.764705882352941,2
2010,"2010_19_GB_ATL","2011-01-15","ATL","GB",0.8125,0.647058823529412,1
2010,"2010_19_SEA_CHI","2011-01-16","CHI","SEA",0.6875,0.470588235294118,0
2010,"2010_19_NYJ_NE","2011-01-16","NE","NYJ",0.875,0.705882352941177,1
2010,"2010_20_GB_CHI","2011-01-23","CHI","GB",0.705882352941177,0.666666666666667,0
2010,"2010_20_NYJ_PIT","2011-01-23","PIT","NYJ",0.764705882352941,0.722222222222222,0
2010,"2010_21_PIT_GB","2011-02-06","GB","PIT",0.68421052631579,0.777777777777778,0
2011,"2011_01_NO_GB","2011-09-08","GB","NO",0,0,0
2011,"2011_01_PIT_BAL","2011-09-11","BAL","PIT",0,0,0
2011,"2011_01_ATL_CHI","2011-09-11","CHI","ATL",0,0,0
2011,"2011_01_CIN_CLE","2011-09-11","CLE","CIN",0,0,2
2011,"2011_01_IND_HOU","2011-09-11","HOU","IND",0,0,0
2011,"2011_01_TEN_JAX","2011-09-11","JAX","TEN",0,0,0
2011,"2011_01_BUF_KC","2011-09-11","KC","BUF",0,0,0
2011,"2011_01_PHI_STL","2011-09-11","STL","PHI",0,0,1
2011,"2011_01_DET_TB","2011-09-11","TB","DET",0,0,2
2011,"2011_01_CAR_ARI","2011-09-11","ARI","CAR",0,0,2
2011,"2011_01_MIN_SD","2011-09-11","SD","MIN",0,0,1
2011,"2011_01_SEA_SF","2011-09-11","SF","SEA",0,0,0
2011,"2011_01_NYG_WAS","2011-09-11","WAS","NYG",0,0,1
2011,"2011_01_DAL_NYJ","2011-09-11","NYJ","DAL",0,0,1
2011,"2011_01_NE_MIA","2011-09-12","MIA","NE",0,0,1
2011,"2011_01_OAK_DEN","2011-09-12","DEN","OAK",0,0,1
2011,"2011_02_OAK_BUF","2011-09-18","BUF","OAK",1,1,5
2011,"2011_02_GB_CAR","2011-09-18","CAR","GB",0,1,1
2011,"2011_02_KC_DET","2011-09-18","DET","KC",1,0,0
2011,"2011_02_CLE_IND","2011-09-18","IND","CLE",0,0,3
2011,"2011_02_TB_MIN","2011-09-18","MIN","TB",0,0,1
2011,"2011_02_CHI_NO","2011-09-18","NO","CHI",0,1,1
2011,"2011_02_JAX_NYJ","2011-09-18","NYJ","JAX",1,1,0
2011,"2011_02_SEA_PIT","2011-09-18","PIT","SEA",0,0,0
2011,"2011_02_BAL_TEN","2011-09-18","TEN","BAL",0,1,2
2011,"2011_02_ARI_WAS","2011-09-18","WAS","ARI",1,1,3
2011,"2011_02_DAL_SF","2011-09-18","SF","DAL",1,0,1
2011,"2011_02_CIN_DEN","2011-09-18","DEN","CIN",0,1,0
2011,"2011_02_HOU_MIA","2011-09-18","MIA","HOU",0,1,0
2011,"2011_02_SD_NE","2011-09-18","NE","SD",1,1,0
2011,"2011_02_PHI_ATL","2011-09-18","ATL","PHI",0,1,4
2011,"2011_02_STL_NYG","2011-09-19","NYG","STL",0,0,1
2011,"2011_03_NE_BUF","2011-09-25","BUF","NE",1,1,1
2011,"2011_03_JAX_CAR","2011-09-25","CAR","JAX",0,0.5,2
2011,"2011_03_SF_CIN","2011-09-25","CIN","SF",0.5,0.5,1
2011,"2011_03_MIA_CLE","2011-09-25","CLE","MIA",0.5,0,1
2011,"2011_03_DET_MIN","2011-09-25","MIN","DET",0,1,1
2011,"2011_03_HOU_NO","2011-09-25","NO","HOU",0.5,1,5
2011,"2011_03_NYG_PHI","2011-09-25","PHI","NYG",0.5,0.5,2
2011,"2011_03_DEN_TEN","2011-09-25","TEN","DEN",0.5,0.5,3
2011,"2011_03_NYJ_OAK","2011-09-25","OAK","NYJ",0.5,1,2
2011,"2011_03_KC_SD","2011-09-25","SD","KC",0.5,0,0
2011,"2011_03_BAL_STL","2011-09-25","STL","BAL",0,0.5,0
2011,"2011_03_GB_CHI","2011-09-25","CHI","GB",0.5,1,0
2011,"2011_03_ARI_SEA","2011-09-25","SEA","ARI",0,0.5,2
2011,"2011_03_ATL_TB","2011-09-25","TB","ATL",0.5,0.5,0
2011,"2011_03_PIT_IND","2011-09-25","IND","PIT",0,0.5,2
2011,"2011_03_WAS_DAL","2011-09-26","DAL","WAS",0.5,1,3
2011,"2011_04_CAR_CHI","2011-10-02","CHI","CAR",0.333333333333333,0.333333333333333,1
2011,"2011_04_BUF_CIN","2011-10-02","CIN","BUF",0.333333333333333,1,2
2011,"2011_04_TEN_CLE","2011-10-02","CLE","TEN",0.666666666666667,0.666666666666667,1
2011,"2011_04_DET_DAL","2011-10-02","DAL","DET",0.666666666666667,1,1
2011,"2011_04_PIT_HOU","2011-10-02","HOU","PIT",0.666666666666667,0.666666666666667,0
2011,"2011_04_NO_JAX","2011-10-02","JAX","NO",0.333333333333333,0.666666666666667,0
2011,"2011_04_MIN_KC","2011-10-02","KC","MIN",0,0,4
2011,"2011_04_SF_PHI","2011-10-02","PHI","SF",0.333333333333333,0.666666666666667,1
2011,"2011_04_WAS_STL","2011-10-02","STL","WAS",0,0.666666666666667,0
2011,"2011_04_NYG_ARI","2011-10-02","ARI","NYG",0.333333333333333,0.666666666666667,5
2011,"2011_04_ATL_SEA","2011-10-02","SEA","ATL",0.333333333333333,0.333333333333333,0
2011,"2011_04_DEN_GB","2011-10-02","GB","DEN",1,0.333333333333333,1
2011,"2011_04_NE_OAK","2011-10-02","OAK","NE",0.666666666666667,0.666666666666667,3
2011,"2011_04_MIA_SD","2011-10-02","SD","MIA",0.666666666666667,0,1
2011,"2011_04_NYJ_BAL","2011-10-02","BAL","NYJ",0.666666666666667,0.666666666666667,0
2011,"2011_04_IND_TB","2011-10-03","TB","IND",0.666666666666667,0,1
2011,"2011_05_PHI_BUF","2011-10-09","BUF","PHI",0.75,0.25,0
2011,"2011_05_NO_CAR","2011-10-09","CAR","NO",0.25,0.75,2
2011,"2011_05_OAK_HOU","2011-10-09","HOU","OAK",0.75,0.5,3
2011,"2011_05_KC_IND","2011-10-09","IND","KC",0,0.25,1
2011,"2011_05_CIN_JAX","2011-10-09","JAX","CIN",0.25,0.5,3
2011,"2011_05_ARI_MIN","2011-10-09","MIN","ARI",0,0.25,0
2011,"2011_05_SEA_NYG","2011-10-09","NYG","SEA",0.75,0.25,2
2011,"2011_05_TEN_PIT","2011-10-09","PIT","TEN",0.5,0.75,1
2011,"2011_05_TB_SF","2011-10-09","SF","TB",0.75,0.75,0
2011,"2011_05_SD_DEN","2011-10-09","DEN","SD",0.25,0.75,2
2011,"2011_05_NYJ_NE","2011-10-09","NE","NYJ",0.75,0.5,0
2011,"2011_05_GB_ATL","2011-10-09","ATL","GB",0.5,1,1
2011,"2011_05_CHI_DET","2011-10-10","DET","CHI",1,0.5,2
2011,"2011_06_CAR_ATL","2011-10-16","ATL","CAR",0.4,0.2,5
2011,"2011_06_IND_CIN","2011-10-16","CIN","IND",0.6,0,0
2011,"2011_06_SF_DET","2011-10-16","DET","SF",1,0.8,5
2011,"2011_06_STL_GB","2011-10-16","GB","STL",1,0,0
2011,"2011_06_BUF_NYG","2011-10-16","NYG","BUF",0.6,0.8,2
2011,"2011_06_JAX_PIT","2011-10-16","PIT","JAX",0.6,0.2,0
2011,"2011_06_PHI_WAS","2011-10-16","WAS","PHI",0.75,0.2,0
2011,"2011_06_HOU_BAL","2011-10-16","BAL","HOU",0.75,0.6,2
2011,"2011_06_CLE_OAK","2011-10-16","OAK","CLE",0.6,0.5,0
2011,"2011_06_DAL_NE","2011-10-16","NE","DAL",0.8,0.5,2
2011,"2011_06_NO_TB","2011-10-16","TB","NO",0.6,0.8,2
2011,"2011_06_MIN_CHI","2011-10-16","CHI","MIN",0.4,0.2,0
2011,"2011_06_MIA_NYJ","2011-10-17","NYJ","MIA",0.4,0,1
2011,"2011_07_WAS_CAR","2011-10-23","CAR","WAS",0.166666666666667,0.6,0
2011,"2011_07_SEA_CLE","2011-10-23","CLE","SEA",0.4,0.4,0
2011,"2011_07_ATL_DET","2011-10-23","DET","ATL",0.833333333333333,0.5,1
2011,"2011_07_DEN_MIA","2011-10-23","MIA","DEN",0,0.2,1
2011,"2011_07_SD_NYJ","2011-10-23","NYJ","SD",0.5,0.8,1
2011,"2011_07_CHI_TB","2011-10-23","TB","CHI",0.666666666666667,0.5,0
2011,"2011_07_HOU_TEN","2011-10-23","TEN","HOU",0.6,0.5,0
2011,"2011_07_PIT_ARI","2011-10-23","ARI","PIT",0.2,0.666666666666667,0
2011,"2011_07_KC_OAK","2011-10-23","OAK","KC",0.666666666666667,0.4,0
2011,"2011_07_STL_DAL","2011-10-23","DAL","STL",0.4,0,0
2011,"2011_07_GB_MIN","2011-10-23","MIN","GB",0.166666666666667,1,1
2011,"2011_07_IND_NO","2011-10-23","NO","IND",0.666666666666667,0,0
2011,"2011_07_BAL_JAX","2011-10-24","JAX","BAL",0.166666666666667,0.8,0
2011,"2011_08_ARI_BAL","2011-10-30","BAL","ARI",0.666666666666667,0.166666666666667,1
2011,"2011_08_MIN_CAR","2011-10-30","CAR","MIN",0.285714285714286,0.142857142857143,2
2011,"2011_08_JAX_HOU","2011-10-30","HOU","JAX",0.571428571428571,0.285714285714286,0
2011,"2011_08_MIA_NYG","2011-10-30","NYG","MIA",0.666666666666667,0,1
2011,"2011_08_NO_STL","2011-10-30","STL","NO",0,0.714285714285714,0
2011,"2011_08_IND_TEN","2011-10-30","TEN","IND",0.5,0,0
2011,"2011_08_WAS_BUF","2011-10-30","BUF","WAS",0.666666666666667,0.5,0
2011,"2011_08_DET_DEN","2011-10-30","DEN","DET",0.333333333333333,0.714285714285714,1
2011,"2011_08_NE_PIT","2011-10-30","PIT","NE",0.714285714285714,0.833333333333333,0
2011,"2011_08_CIN_SEA","2011-10-30","SEA","CIN",0.333333333333333,0.666666666666667,0
2011,"2011_08_CLE_SF","2011-10-30","SF","CLE",0.833333333333333,0.5,0
2011,"2011_08_DAL_PHI","2011-10-30","PHI","DAL",0.333333333333333,0.5,0
2011,"2011_08_SD_KC","2011-10-31","KC","SD",0.5,0.666666666666667,0
2011,"2011_09_NYJ_BUF","2011-11-06","BUF","NYJ",0.714285714285714,0.571428571428571,0
2011,"2011_09_SEA_DAL","2011-11-06","DAL","SEA",0.428571428571429,0.285714285714286,0
2011,"2011_09_CLE_HOU","2011-11-06","HOU","CLE",0.625,0.428571428571429,0
2011,"2011_09_ATL_IND","2011-11-06","IND","ATL",0,0.571428571428571,0
2011,"2011_09_MIA_KC","2011-11-06","KC","MIA",0.571428571428571,0,1
2011,"2011_09_TB_NO","2011-11-06","NO","TB",0.625,0.571428571428571,0
2011,"2011_09_SF_WAS","2011-11-06","WAS","SF",0.428571428571429,0.857142857142857,0
2011,"2011_09_DEN_OAK","2011-11-06","OAK","DEN",0.571428571428571,0.285714285714286,3
2011,"2011_09_CIN_TEN","2011-11-06","TEN","CIN",0.571428571428571,0.714285714285714,3
2011,"2011_09_STL_ARI","2011-11-06","ARI","STL",0.142857142857143,0.142857142857143,2
2011,"2011_09_NYG_NE","2011-11-06","NE","NYG",0.714285714285714,0.714285714285714,4
2011,"2011_09_GB_SD","2011-11-06","SD","GB",0.571428571428571,1,1
2011,"2011_09_BAL_PIT","2011-11-06","PIT","BAL",0.75,0.714285714285714,24
2011,"2011_09_CHI_PHI","2011-11-07","PHI","CHI",0.428571428571429,0.571428571428571,2
2011,"2011_10_OAK_SD","2011-11-10","SD","OAK",0.5,0.5,1
2011,"2011_10_NO_ATL","2011-11-13","ATL","NO",0.625,0.666666666666667,3
2011,"2011_10_TEN_CAR","2011-11-13","CAR","TEN",0.25,0.5,0
2011,"2011_10_PIT_CIN","2011-11-13","CIN","PIT",0.75,0.666666666666667,0
2011,"2011_10_STL_CLE","2011-11-13","CLE","STL",0.375,0.125,3
2011,"2011_10_BUF_DAL","2011-11-13","DAL","BUF",0.5,0.625,0
2011,"2011_10_JAX_IND","2011-11-13","IND","JAX",0,0.25,0
2011,"2011_10_DEN_KC","2011-11-13","KC","DEN",0.5,0.375,0
2011,"2011_10_WAS_MIA","2011-11-13","MIA","WAS",0.125,0.375,0
2011,"2011_10_ARI_PHI","2011-11-13","PHI","ARI",0.375,0.25,1
2011,"2011_10_HOU_TB","2011-11-13","TB","HOU",0.5,0.666666666666667,0
2011,"2011_10_BAL_SEA","2011-11-13","SEA","BAL",0.25,0.75,0
2011,"2011_10_DET_CHI","2011-11-13","CHI","DET",0.625,0.75,0
2011,"2011_10_NYG_SF","2011-11-13","SF","NYG",0.875,0.75,3
2011,"2011_10_NE_NYJ","2011-11-13","NYJ","NE",0.625,0.625,2
2011,"2011_10_MIN_GB","2011-11-14","GB","MIN",1,0.25,0
2011,"2011_11_NYJ_DEN","2011-11-17","DEN","NYJ",0.444444444444444,0.555555555555556,2
2011,"2011_11_CIN_BAL","2011-11-20","BAL","CIN",0.666666666666667,0.666666666666667,1
2011,"2011_11_JAX_CLE","2011-11-20","CLE","JAX",0.333333333333333,0.333333333333333,1
2011,"2011_11_CAR_DET","2011-11-20","DET","CAR",0.666666666666667,0.222222222222222,1
2011,"2011_11_TB_GB","2011-11-20","GB","TB",1,0.444444444444444,0
2011,"2011_11_BUF_MIA","2011-11-20","MIA","BUF",0.222222222222222,0.555555555555556,1
2011,"2011_11_OAK_MIN","2011-11-20","MIN","OAK",0.222222222222222,0.555555555555556,1
2011,"2011_11_DAL_WAS","2011-11-20","WAS","DAL",0.333333333333333,0.555555555555556,2
2011,"2011_11_ARI_SF","2011-11-20","SF","ARI",0.888888888888889,0.333333333333333,0
2011,"2011_11_SEA_STL","2011-11-20","STL","SEA",0.222222222222222,0.333333333333333,1
2011,"2011_11_TEN_ATL","2011-11-20","ATL","TEN",0.555555555555556,0.555555555555556,0
2011,"2011_11_SD_CHI","2011-11-20","CHI","SD",0.666666666666667,0.444444444444444,1
2011,"2011_11_PHI_NYG","2011-11-20","NYG","PHI",0.666666666666667,0.333333333333333,0
2011,"2011_11_KC_NE","2011-11-21","NE","KC",0.666666666666667,0.444444444444444,1
2011,"2011_12_GB_DET","2011-11-24","DET","GB",0.7,1,0
2011,"2011_12_MIA_DAL","2011-11-24","DAL","MIA",0.6,0.3,5
2011,"2011_12_SF_BAL","2011-11-24","BAL","SF",0.7,0.9,0
2011,"2011_12_MIN_ATL","2011-11-27","ATL","MIN",0.6,0.2,0
2011,"2011_12_CLE_CIN","2011-11-27","CIN","CLE",0.6,0.4,1
2011,"2011_12_CAR_IND","2011-11-27","IND","CAR",0,0.2,0
2011,"2011_12_HOU_JAX","2011-11-27","JAX","HOU",0.3,0.7,1
2011,"2011_12_BUF_NYJ","2011-11-27","NYJ","BUF",0.5,0.5,3
2011,"2011_12_ARI_STL","2011-11-27","STL","ARI",0.2,0.3,1
2011,"2011_12_TB_TEN","2011-11-27","TEN","TB",0.5,0.4,3
2011,"2011_12_CHI_OAK","2011-11-27","OAK","CHI",0.6,0.7,2
2011,"2011_12_WAS_SEA","2011-11-27","SEA","WAS",0.4,0.3,2
2011,"2011_12_NE_PHI","2011-11-27","PHI","NE",0.4,0.7,1
2011,"2011_12_DEN_SD","2011-11-27","SD","DEN",0.4,0.5,1
2011,"2011_12_PIT_KC","2011-11-27","KC","PIT",0.4,0.7,1
2011,"2011_12_NYG_NO","2011-11-28","NO","NYG",0.7,0.6,0
2011,"2011_13_PHI_SEA","2011-12-01","SEA","PHI",0.363636363636364,0.363636363636364,0
2011,"2011_13_TEN_BUF","2011-12-04","BUF","TEN",0.454545454545455,0.545454545454545,2
2011,"2011_13_KC_CHI","2011-12-04","CHI","KC",0.636363636363636,0.363636363636364,1
2011,"2011_13_ATL_HOU","2011-12-04","HOU","ATL",0.727272727272727,0.636363636363636,0
2011,"2011_13_OAK_MIA","2011-12-04","MIA","OAK",0.272727272727273,0.636363636363636,0
2011,"2011_13_DEN_MIN","2011-12-04","MIN","DEN",0.181818181818182,0.545454545454545,3
2011,"2011_13_IND_NE","2011-12-04","NE","IND",0.727272727272727,0,0
2011,"2011_13_CIN_PIT","2011-12-04","PIT","CIN",0.727272727272727,0.636363636363636,0
2011,"2011_13_CAR_TB","2011-12-04","TB","CAR",0.363636363636364,0.272727272727273,0
2011,"2011_13_NYJ_WAS","2011-12-04","WAS","NYJ",0.363636363636364,0.545454545454545,1
2011,"2011_13_BAL_CLE","2011-12-04","CLE","BAL",0.363636363636364,0.727272727272727,0
2011,"2011_13_DAL_ARI","2011-12-04","ARI","DAL",0.363636363636364,0.636363636363636,2
2011,"2011_13_GB_NYG","2011-12-04","NYG","GB",0.545454545454545,1,3
2011,"2011_13_STL_SF","2011-12-04","SF","STL",0.818181818181818,0.181818181818182,0
2011,"2011_13_DET_NO","2011-12-04","NO","DET",0.727272727272727,0.636363636363636,0
2011,"2011_13_SD_JAX","2011-12-05","JAX","SD",0.272727272727273,0.363636363636364,2
2011,"2011_14_CLE_PIT","2011-12-08","PIT","CLE",0.75,0.333333333333333,1
2011,"2011_14_IND_BAL","2011-12-11","BAL","IND",0.75,0,0
2011,"2011_14_ATL_CAR","2011-12-11","CAR","ATL",0.333333333333333,0.583333333333333,2
2011,"2011_14_HOU_CIN","2011-12-11","CIN","HOU",0.583333333333333,0.75,2
2011,"2011_14_MIN_DET","2011-12-11","DET","MIN",0.583333333333333,0.166666666666667,0
2011,"2011_14_TB_JAX","2011-12-11","JAX","TB",0.25,0.333333333333333,1
2011,"2011_14_PHI_MIA","2011-12-11","MIA","PHI",0.333333333333333,0.333333333333333,1
2011,"2011_14_KC_NYJ","2011-12-11","NYJ","KC",0.583333333333333,0.416666666666667,0
2011,"2011_14_NO_TEN","2011-12-11","TEN","NO",0.583333333333333,0.75,2
2011,"2011_14_NE_WAS","2011-12-11","WAS","NE",0.333333333333333,0.75,2
2011,"2011_14_SF_ARI","2011-12-11","ARI","SF",0.416666666666667,0.833333333333333,3
2011,"2011_14_CHI_DEN","2011-12-11","DEN","CHI",0.583333333333333,0.583333333333333,1
2011,"2011_14_OAK_GB","2011-12-11","GB","OAK",1,0.583333333333333,0
2011,"2011_14_BUF_SD","2011-12-11","SD","BUF",0.416666666666667,0.416666666666667,0
2011,"2011_14_NYG_DAL","2011-12-11","DAL","NYG",0.583333333333333,0.5,8
2011,"2011_14_STL_SEA","2011-12-12","SEA","STL",0.416666666666667,0.166666666666667,0
2011,"2011_15_JAX_ATL","2011-12-15","ATL","JAX",0.615384615384615,0.307692307692308,0
2011,"2011_15_DAL_TB","2011-12-17","TB","DAL",0.307692307692308,0.538461538461538,0
2011,"2011_15_MIA_BUF","2011-12-18","BUF","MIA",0.384615384615385,0.307692307692308,1
2011,"2011_15_SEA_CHI","2011-12-18","CHI","SEA",0.538461538461538,0.461538461538462,2
2011,"2011_15_CAR_HOU","2011-12-18","HOU","CAR",0.769230769230769,0.307692307692308,0
2011,"2011_15_TEN_IND","2011-12-18","IND","TEN",0,0.538461538461538,2
2011,"2011_15_GB_KC","2011-12-18","KC","GB",0.384615384615385,1,2
2011,"2011_15_NO_MIN","2011-12-18","MIN","NO",0.153846153846154,0.769230769230769,1
2011,"2011_15_WAS_NYG","2011-12-18","NYG","WAS",0.538461538461538,0.307692307692308,0
2011,"2011_15_CIN_STL","2011-12-18","STL","CIN",0.153846153846154,0.538461538461538,2
2011,"2011_15_DET_OAK","2011-12-18","OAK","DET",0.538461538461538,0.615384615384615,1
2011,"2011_15_CLE_ARI","2011-12-18","ARI","CLE",0.461538461538462,0.307692307692308,1
2011,"2011_15_NE_DEN","2011-12-18","DEN","NE",0.615384615384615,0.769230769230769,3
2011,"2011_15_NYJ_PHI","2011-12-18","PHI","NYJ",0.384615384615385,0.615384615384615,0
2011,"2011_15_BAL_SD","2011-12-18","SD","BAL",0.461538461538462,0.769230769230769,0
2011,"2011_15_PIT_SF","2011-12-19","SF","PIT",0.769230769230769,0.769230769230769,0
2011,"2011_16_HOU_IND","2011-12-22","IND","HOU",0.0714285714285714,0.714285714285714,1
2011,"2011_16_CLE_BAL","2011-12-24","BAL","CLE",0.714285714285714,0.285714285714286,0
2011,"2011_16_DEN_BUF","2011-12-24","BUF","DEN",0.357142857142857,0.571428571428571,1
2011,"2011_16_TB_CAR","2011-12-24","CAR","TB",0.357142857142857,0.285714285714286,0
2011,"2011_16_ARI_CIN","2011-12-24","CIN","ARI",0.571428571428571,0.5,0
2011,"2011_16_OAK_KC","2011-12-24","KC","OAK",0.428571428571429,0.5,0
2011,"2011_16_MIA_NE","2011-12-24","NE","MIA",0.785714285714286,0.357142857142857,1
2011,"2011_16_NYG_NYJ","2011-12-24","NYJ","NYG",0.571428571428571,0.5,1
2011,"2011_16_STL_PIT","2011-12-24","PIT","STL",0.714285714285714,0.142857142857143,0
2011,"2011_16_JAX_TEN","2011-12-24","TEN","JAX",0.5,0.285714285714286,0
2011,"2011_16_MIN_WAS","2011-12-24","WAS","MIN",0.357142857142857,0.142857142857143,4
2011,"2011_16_SD_DET","2011-12-24","DET","SD",0.642857142857143,0.5,0
2011,"2011_16_PHI_DAL","2011-12-24","DAL","PHI",0.571428571428571,0.428571428571429,0
2011,"2011_16_SF_SEA","2011-12-24","SEA","SF",0.5,0.785714285714286,3
2011,"2011_16_CHI_GB","2011-12-25","GB","CHI",0.928571428571429,0.5,0
2011,"2011_16_ATL_NO","2011-12-26","NO","ATL",0.785714285714286,0.642857142857143,3
2011,"2011_17_DET_GB","2012-01-01","GB","DET",0.933333333333333,0.666666666666667,11
2011,"2011_17_TEN_HOU","2012-01-01","HOU","TEN",0.666666666666667,0.533333333333333,1
2011,"2011_17_IND_JAX","2012-01-01","JAX","IND",0.266666666666667,0.133333333333333,0
2011,"2011_17_NYJ_MIA","2012-01-01","MIA","NYJ",0.333333333333333,0.533333333333333,2
2011,"2011_17_CHI_MIN","2012-01-01","MIN","CHI",0.2,0.466666666666667,1
2011,"2011_17_BUF_NE","2012-01-01","NE","BUF",0.8,0.4,1
2011,"2011_17_CAR_NO","2012-01-01","NO","CAR",0.8,0.4,0
2011,"2011_17_WAS_PHI","2012-01-01","PHI","WAS",0.466666666666667,0.333333333333333,0
2011,"2011_17_SF_STL","2012-01-01","STL","SF",0.133333333333333,0.8,1
2011,"2011_17_SEA_ARI","2012-01-01","ARI","SEA",0.466666666666667,0.466666666666667,0
2011,"2011_17_TB_ATL","2012-01-01","ATL","TB",0.6,0.266666666666667,0
2011,"2011_17_BAL_CIN","2012-01-01","CIN","BAL",0.6,0.733333333333333,0
2011,"2011_17_PIT_CLE","2012-01-01","CLE","PIT",0.266666666666667,0.733333333333333,1
2011,"2011_17_KC_DEN","2012-01-01","DEN","KC",0.533333333333333,0.4,0
2011,"2011_17_SD_OAK","2012-01-01","OAK","SD",0.533333333333333,0.466666666666667,1
2011,"2011_17_DAL_NYG","2012-01-01","NYG","DAL",0.533333333333333,0.533333333333333,0
2011,"2011_18_CIN_HOU","2012-01-07","HOU","CIN",0.625,0.5625,1
2011,"2011_18_DET_NO","2012-01-07","NO","DET",0.8125,0.625,1
2011,"2011_18_ATL_NYG","2012-01-08","NYG","ATL",0.5625,0.625,1
2011,"2011_18_PIT_DEN","2012-01-08","DEN","PIT",0.5,0.75,1
2011,"2011_19_NO_SF","2012-01-14","SF","NO",0.8125,0.823529411764706,4
2011,"2011_19_DEN_NE","2012-01-14","NE","DEN",0.8125,0.529411764705882,0
2011,"2011_19_HOU_BAL","2012-01-15","BAL","HOU",0.75,0.647058823529412,1
2011,"2011_19_NYG_GB","2012-01-15","GB","NYG",0.9375,0.588235294117647,0
2011,"2011_20_BAL_NE","2012-01-22","NE","BAL",0.823529411764706,0.764705882352941,2
2011,"2011_20_NYG_SF","2012-01-22","SF","NYG",0.823529411764706,0.611111111111111,3
2011,"2011_21_NYG_NE","2012-02-05","NE","NYG",0.833333333333333,0.631578947368421,2
2012,"2012_01_DAL_NYG","2012-09-05","NYG","DAL",0,0,1
2012,"2012_01_IND_CHI","2012-09-09","CHI","IND",0,0,1
2012,"2012_01_PHI_CLE","2012-09-09","CLE","PHI",0,0,3
2012,"2012_01_STL_DET","2012-09-09","DET","STL",0,0,3
2012,"2012_01_MIA_HOU","2012-09-09","HOU","MIA",0,0,1
2012,"2012_01_ATL_KC","2012-09-09","KC","ATL",0,0,0
2012,"2012_01_JAX_MIN","2012-09-09","MIN","JAX",0,0,3
2012,"2012_01_WAS_NO","2012-09-09","NO","WAS",0,0,2
2012,"2012_01_BUF_NYJ","2012-09-09","NYJ","BUF",0,0,0
2012,"2012_01_NE_TEN","2012-09-09","TEN","NE",0,0,1
2012,"2012_01_SEA_ARI","2012-09-09","ARI","SEA",0,0,3
2012,"2012_01_SF_GB","2012-09-09","GB","SF",0,0,0
2012,"2012_01_CAR_TB","2012-09-09","TB","CAR",0,0,0
2012,"2012_01_PIT_DEN","2012-09-09","DEN","PIT",0,0,5
2012,"2012_01_CIN_BAL","2012-09-10","BAL","CIN",0,0,0
2012,"2012_01_SD_OAK","2012-09-10","OAK","SD",0,0,1
2012,"2012_02_CHI_GB","2012-09-13","GB","CHI",0,1,0
2012,"2012_02_KC_BUF","2012-09-16","BUF","KC",0,0,0
2012,"2012_02_NO_CAR","2012-09-16","CAR","NO",0,0,1
2012,"2012_02_CLE_CIN","2012-09-16","CIN","CLE",0,0,0
2012,"2012_02_MIN_IND","2012-09-16","IND","MIN",0,1,1
2012,"2012_02_HOU_JAX","2012-09-16","JAX","HOU",0,1,0
2012,"2012_02_OAK_MIA","2012-09-16","MIA","OAK",0,0,2
2012,"2012_02_ARI_NE","2012-09-16","NE","ARI",1,1,2
2012,"2012_02_TB_NYG","2012-09-16","NYG","TB",0,1,2
2012,"2012_02_BAL_PHI","2012-09-16","PHI","BAL",1,1,2
2012,"2012_02_DAL_SEA","2012-09-16","SEA","DAL",0,1,0
2012,"2012_02_WAS_STL","2012-09-16","STL","WAS",0,1,3
2012,"2012_02_NYJ_PIT","2012-09-16","PIT","NYJ",0,1,2
2012,"2012_02_TEN_SD","2012-09-16","SD","TEN",1,0,0
2012,"2012_02_DET_SF","2012-09-16","SF","DET",1,1,0
2012,"2012_02_DEN_ATL","2012-09-17","ATL","DEN",1,1,0
2012,"2012_03_NYG_CAR","2012-09-20","CAR","NYG",0.5,0.5,0
2012,"2012_03_STL_CHI","2012-09-23","CHI","STL",0.5,0.5,0
2012,"2012_03_BUF_CLE","2012-09-23","CLE","BUF",0,0.5,0
2012,"2012_03_TB_DAL","2012-09-23","DAL","TB",0.5,0.5,1
2012,"2012_03_JAX_IND","2012-09-23","IND","JAX",0.5,0,4
2012,"2012_03_NYJ_MIA","2012-09-23","MIA","NYJ",0.5,0.5,1
2012,"2012_03_SF_MIN","2012-09-23","MIN","SF",0.5,1,0
2012,"2012_03_KC_NO","2012-09-23","NO","KC",0,0,1
2012,"2012_03_DET_TEN","2012-09-23","TEN","DET",0,0.5,3
2012,"2012_03_CIN_WAS","2012-09-23","WAS","CIN",0.5,0.5,0
2012,"2012_03_PHI_ARI","2012-09-23","ARI","PHI",1,1,0
2012,"2012_03_ATL_SD","2012-09-23","SD","ATL",1,1,0
2012,"2012_03_HOU_DEN","2012-09-23","DEN","HOU",0.5,1,1
2012,"2012_03_PIT_OAK","2012-09-23","OAK","PIT",0,0.5,1
2012,"2012_03_NE_BAL","2012-09-23","BAL","NE",0.5,0.5,5
2012,"2012_03_GB_SEA","2012-09-24","SEA","GB",0.5,0.5,2
2012,"2012_04_CLE_BAL","2012-09-27","BAL","CLE",0.666666666666667,0,0
2012,"2012_04_CAR_ATL","2012-09-30","ATL","CAR",1,0.333333333333333,5
2012,"2012_04_NE_BUF","2012-09-30","BUF","NE",0.666666666666667,0.333333333333333,2
2012,"2012_04_MIN_DET","2012-09-30","DET","MIN",0.333333333333333,0.666666666666667,0
2012,"2012_04_TEN_HOU","2012-09-30","HOU","TEN",1,0.333333333333333,0
2012,"2012_04_SD_KC","2012-09-30","KC","SD",0.333333333333333,0.666666666666667,0
2012,"2012_04_SF_NYJ","2012-09-30","NYJ","SF",0.666666666666667,0.666666666666667,0
2012,"2012_04_SEA_STL","2012-09-30","STL","SEA",0.333333333333333,0.666666666666667,1
2012,"2012_04_MIA_ARI","2012-09-30","ARI","MIA",1,0.333333333333333,3
2012,"2012_04_OAK_DEN","2012-09-30","DEN","OAK",0.333333333333333,0.333333333333333,0
2012,"2012_04_CIN_JAX","2012-09-30","JAX","CIN",0.333333333333333,0.666666666666667,2
2012,"2012_04_NO_GB","2012-09-30","GB","NO",0.333333333333333,0,2
2012,"2012_04_WAS_TB","2012-09-30","TB","WAS",0.333333333333333,0.333333333333333,3
2012,"2012_04_NYG_PHI","2012-09-30","PHI","NYG",0.666666666666667,0.666666666666667,2
2012,"2012_04_CHI_DAL","2012-10-01","DAL","CHI",0.666666666666667,0.666666666666667,0
2012,"2012_05_ARI_STL","2012-10-04","STL","ARI",0.5,1,0
2012,"2012_05_MIA_CIN","2012-10-07","CIN","MIA",0.75,0.25,1
2012,"2012_05_GB_IND","2012-10-07","IND","GB",0.333333333333333,0.5,3
2012,"2012_05_BAL_KC","2012-10-07","KC","BAL",0.25,0.75,0
2012,"2012_05_CLE_NYG","2012-10-07","NYG","CLE",0.5,0,1
2012,"2012_05_PHI_PIT","2012-10-07","PIT","PHI",0.333333333333333,0.75,2
2012,"2012_05_ATL_WAS","2012-10-07","WAS","ATL",0.5,1,3
2012,"2012_05_SEA_CAR","2012-10-07","CAR","SEA",0.25,0.5,2
2012,"2012_05_CHI_JAX","2012-10-07","JAX","CHI",0.25,0.75,0
2012,"2012_05_TEN_MIN","2012-10-07","MIN","TEN",0.75,0.25,0
2012,"2012_05_DEN_NE","2012-10-07","NE","DEN",0.5,0.5,0
2012,"2012_05_BUF_SF","2012-10-07","SF","BUF",0.75,0.5,0
2012,"2012_05_SD_NO","2012-10-07","NO","SD",0,0.75,3
2012,"2012_05_HOU_NYJ","2012-10-08","NYJ","HOU",0.5,1,0
2012,"2012_06_PIT_TEN","2012-10-11","TEN","PIT",0.2,0.5,4
2012,"2012_06_OAK_ATL","2012-10-14","ATL","OAK",1,0.25,3
2012,"2012_06_DAL_BAL","2012-10-14","BAL","DAL",0.8,0.5,2
2012,"2012_06_CIN_CLE","2012-10-14","CLE","CIN",0,0.6,15
2012,"2012_06_STL_MIA","2012-10-14","MIA","STL",0.4,0.6,1
2012,"2012_06_IND_NYJ","2012-10-14","NYJ","IND",0.4,0.5,1
2012,"2012_06_DET_PHI","2012-10-14","PHI","DET",0.6,0.25,2
2012,"2012_06_KC_TB","2012-10-14","TB","KC",0.25,0.2,0
2012,"2012_06_BUF_ARI","2012-10-14","ARI","BUF",0.8,0.4,3
2012,"2012_06_NE_SEA","2012-10-14","SEA","NE",0.6,0.6,4
2012,"2012_06_NYG_SF","2012-10-14","SF","NYG",0.8,0.6,1
2012,"2012_06_MIN_WAS","2012-10-14","WAS","MIN",0.4,0.8,1
2012,"2012_06_GB_HOU","2012-10-14","HOU","GB",1,0.4,0
2012,"2012_06_DEN_SD","2012-10-15","SD","DEN",0.6,0.4,1
2012,"2012_07_SEA_SF","2012-10-18","SF","SEA",0.666666666666667,0.666666666666667,1
2012,"2012_07_TEN_BUF","2012-10-21","BUF","TEN",0.5,0.333333333333333,2
2012,"2012_07_DAL_CAR","2012-10-21","CAR","DAL",0.2,0.4,4
2012,"2012_07_BAL_HOU","2012-10-21","HOU","BAL",0.833333333333333,0.833333333333333,1
2012,"2012_07_CLE_IND","2012-10-21","IND","CLE",0.4,0.166666666666667,0
2012,"2012_07_ARI_MIN","2012-10-21","MIN","ARI",0.666666666666667,0.666666666666667,0
2012,"2012_07_WAS_NYG","2012-10-21","NYG","WAS",0.666666666666667,0.5,5
2012,"2012_07_GB_STL","2012-10-21","STL","GB",0.5,0.5,1
2012,"2012_07_NO_TB","2012-10-21","TB","NO",0.4,0.2,1
2012,"2012_07_NYJ_NE","2012-10-21","NE","NYJ",0.5,0.5,3
2012,"2012_07_JAX_OAK","2012-10-21","OAK","JAX",0.2,0.2,2
2012,"2012_07_PIT_CIN","2012-10-21","CIN","PIT",0.5,0.4,2
2012,"2012_07_DET_CHI","2012-10-22","CHI","DET",0.8,0.4,0
2012,"2012_08_TB_MIN","2012-10-25","MIN","TB",0.714285714285714,0.333333333333333,0
2012,"2012_08_CAR_CHI","2012-10-28","CHI","CAR",0.833333333333333,0.166666666666667,4
2012,"2012_08_SD_CLE","2012-10-28","CLE","SD",0.142857142857143,0.5,0
2012,"2012_08_SEA_DET","2012-10-28","DET","SEA",0.333333333333333,0.571428571428571,5
2012,"2012_08_JAX_GB","2012-10-28","GB","JAX",0.571428571428571,0.166666666666667,1
2012,"2012_08_MIA_NYJ","2012-10-28","NYJ","MIA",0.428571428571429,0.5,0
2012,"2012_08_ATL_PHI","2012-10-28","PHI","ATL",0.5,1,0
2012,"2012_08_WAS_PIT","2012-10-28","PIT","WAS",0.5,0.428571428571429,0
2012,"2012_08_NE_STL","2012-10-28","STL","NE",0.428571428571429,0.571428571428571,1
2012,"2012_08_IND_TEN","2012-10-28","TEN","IND",0.428571428571429,0.5,1
2012,"2012_08_OAK_KC","2012-10-28","KC","OAK",0.166666666666667,0.333333333333333,0
2012,"2012_08_NYG_DAL","2012-10-28","DAL","NYG",0.5,0.714285714285714,2
2012,"2012_08_NO_DEN","2012-10-28","DEN","NO",0.5,0.333333333333333,0
2012,"2012_08_SF_ARI","2012-10-29","ARI","SF",0.571428571428571,0.714285714285714,0
2012,"2012_09_KC_SD","2012-11-01","SD","KC",0.428571428571429,0.142857142857143,0
2012,"2012_09_DEN_CIN","2012-11-04","CIN","DEN",0.428571428571429,0.571428571428571,2
2012,"2012_09_BAL_CLE","2012-11-04","CLE","BAL",0.25,0.714285714285714,2
2012,"2012_09_ARI_GB","2012-11-04","GB","ARI",0.625,0.5,0
2012,"2012_09_BUF_HOU","2012-11-04","HOU","BUF",0.857142857142857,0.428571428571429,0
2012,"2012_09_MIA_IND","2012-11-04","IND","MIA",0.571428571428571,0.571428571428571,3
2012,"2012_09_DET_JAX","2012-11-04","JAX","DET",0.142857142857143,0.428571428571429,0
2012,"2012_09_CHI_TEN","2012-11-04","TEN","CHI",0.375,0.857142857142857,0
2012,"2012_09_CAR_WAS","2012-11-04","WAS","CAR",0.375,0.142857142857143,1
2012,"2012_09_TB_OAK","2012-11-04","OAK","TB",0.428571428571429,0.428571428571429,3
2012,"2012_09_MIN_SEA","2012-11-04","SEA","MIN",0.5,0.625,3
2012,"2012_09_PIT_NYG","2012-11-04","NYG","PIT",0.75,0.571428571428571,2
2012,"2012_09_DAL_ATL","2012-11-04","ATL","DAL",1,0.428571428571429,1
2012,"2012_09_PHI_NO","2012-11-05","NO","PHI",0.285714285714286,0.428571428571429,0
2012,"2012_10_IND_JAX","2012-11-08","JAX","IND",0.125,0.625,0
2012,"2012_10_OAK_BAL","2012-11-11","BAL","OAK",0.75,0.375,0
2012,"2012_10_DEN_CAR","2012-11-11","CAR","DEN",0.25,0.625,1
2012,"2012_10_NYG_CIN","2012-11-11","CIN","NYG",0.375,0.666666666666667,0
2012,"2012_10_TEN_MIA","2012-11-11","MIA","TEN",0.5,0.333333333333333,0
2012,"2012_10_DET_MIN","2012-11-11","MIN","DET",0.555555555555556,0.5,0
2012,"2012_10_BUF_NE","2012-11-11","NE","BUF",0.625,0.375,0
2012,"2012_10_ATL_NO","2012-11-11","NO","ATL",0.375,1,3
2012,"2012_10_SD_TB","2012-11-11","TB","SD",0.5,0.5,3
2012,"2012_10_NYJ_SEA","2012-11-11","SEA","NYJ",0.555555555555556,0.375,0
2012,"2012_10_DAL_PHI","2012-11-11","PHI","DAL",0.375,0.375,3
2012,"2012_10_STL_SF","2012-11-11","SF","STL",0.75,0.375,2
2012,"2012_10_HOU_CHI","2012-11-11","CHI","HOU",0.875,0.875,0
2012,"2012_10_KC_PIT","2012-11-12","PIT","KC",0.625,0.125,1
2012,"2012_11_MIA_BUF","2012-11-15","BUF","MIA",0.333333333333333,0.444444444444444,0
2012,"2012_11_ARI_ATL","2012-11-18","ATL","ARI",0.888888888888889,0.444444444444444,1
2012,"2012_11_TB_CAR","2012-11-18","CAR","TB",0.222222222222222,0.555555555555556,2
2012,"2012_11_CLE_DAL","2012-11-18","DAL","CLE",0.444444444444444,0.222222222222222,3
2012,"2012_11_GB_DET","2012-11-18","DET","GB",0.444444444444444,0.666666666666667,5
2012,"2012_11_JAX_HOU","2012-11-18","HOU","JAX",0.888888888888889,0.111111111111111,2
2012,"2012_11_CIN_KC","2012-11-18","KC","CIN",0.111111111111111,0.444444444444444,1
2012,"2012_11_NYJ_STL","2012-11-18","STL","NYJ",0.388888888888889,0.333333333333333,1
2012,"2012_11_PHI_WAS","2012-11-18","WAS","PHI",0.333333333333333,0.333333333333333,0
2012,"2012_11_NO_OAK","2012-11-18","OAK","NO",0.333333333333333,0.444444444444444,0
2012,"2012_11_SD_DEN","2012-11-18","DEN","SD",0.666666666666667,0.444444444444444,1
2012,"2012_11_IND_NE","2012-11-18","NE","IND",0.666666666666667,0.666666666666667,1
2012,"2012_11_BAL_PIT","2012-11-18","PIT","BAL",0.666666666666667,0.777777777777778,1
2012,"2012_11_CHI_SF","2012-11-19","SF","CHI",0.722222222222222,0.777777777777778,0
2012,"2012_12_HOU_DET","2012-11-22","DET","HOU",0.4,0.9,1
2012,"2012_12_WAS_DAL","2012-11-22","DAL","WAS",0.5,0.4,1
2012,"2012_12_NE_NYJ","2012-11-22","NYJ","NE",0.4,0.7,0
2012,"2012_12_MIN_CHI","2012-11-25","CHI","MIN",0.7,0.6,1
2012,"2012_12_OAK_CIN","2012-11-25","CIN","OAK",0.5,0.3,0
2012,"2012_12_PIT_CLE","2012-11-25","CLE","PIT",0.2,0.6,3
2012,"2012_12_BUF_IND","2012-11-25","IND","BUF",0.6,0.4,0
2012,"2012_12_TEN_JAX","2012-11-25","JAX","TEN",0.1,0.4,1
2012,"2012_12_DEN_KC","2012-11-25","KC","DEN",0.1,0.7,3
2012,"2012_12_SEA_MIA","2012-11-25","MIA","SEA",0.4,0.6,2
2012,"2012_12_ATL_TB","2012-11-25","TB","ATL",0.6,0.9,6
2012,"2012_12_BAL_SD","2012-11-25","SD","BAL",0.4,0.8,1
2012,"2012_12_STL_ARI","2012-11-25","ARI","STL",0.4,0.35,1
2012,"2012_12_SF_NO","2012-11-25","NO","SF",0.5,0.75,2
2012,"2012_12_GB_NYG","2012-11-25","NYG","GB",0.6,0.7,0
2012,"2012_12_CAR_PHI","2012-11-26","PHI","CAR",0.3,0.2,5
2012,"2012_13_NO_ATL","2012-11-29","ATL","NO",0.909090909090909,0.454545454545455,0
2012,"2012_13_JAX_BUF","2012-12-02","BUF","JAX",0.363636363636364,0.181818181818182,2
2012,"2012_13_SEA_CHI","2012-12-02","CHI","SEA",0.727272727272727,0.545454545454545,3
2012,"2012_13_IND_DET","2012-12-02","DET","IND",0.363636363636364,0.636363636363636,3
2012,"2012_13_MIN_GB","2012-12-02","GB","MIN",0.636363636363636,0.545454545454545,2
2012,"2012_13_CAR_KC","2012-12-02","KC","CAR",0.0909090909090909,0.272727272727273,2
2012,"2012_13_NE_MIA","2012-12-02","MIA","NE",0.454545454545455,0.727272727272727,0
2012,"2012_13_ARI_NYJ","2012-12-02","NYJ","ARI",0.363636363636364,0.363636363636364,1
2012,"2012_13_SF_STL","2012-12-02","STL","SF",0.409090909090909,0.772727272727273,1
2012,"2012_13_HOU_TEN","2012-12-02","TEN","HOU",0.363636363636364,0.909090909090909,0
2012,"2012_13_TB_DEN","2012-12-02","DEN","TB",0.727272727272727,0.545454545454545,2
2012,"2012_13_PIT_BAL","2012-12-02","BAL","PIT",0.818181818181818,0.545454545454545,2
2012,"2012_13_CLE_OAK","2012-12-02","OAK","CLE",0.272727272727273,0.272727272727273,0
2012,"2012_13_CIN_SD","2012-12-02","SD","CIN",0.363636363636364,0.545454545454545,2
2012,"2012_13_PHI_DAL","2012-12-02","DAL","PHI",0.454545454545455,0.272727272727273,1
2012,"2012_13_NYG_WAS","2012-12-03","WAS","NYG",0.454545454545455,0.636363636363636,3
2012,"2012_14_DEN_OAK","2012-12-06","OAK","DEN",0.25,0.75,0
2012,"2012_14_STL_BUF","2012-12-09","BUF","STL",0.416666666666667,0.458333333333333,3
2012,"2012_14_ATL_CAR","2012-12-09","CAR","ATL",0.25,0.916666666666667,0
2012,"2012_14_DAL_CIN","2012-12-09","CIN","DAL",0.583333333333333,0.5,2
2012,"2012_14_KC_CLE","2012-12-09","CLE","KC",0.333333333333333,0.166666666666667,1
2012,"2012_14_TEN_IND","2012-12-09","IND","TEN",0.666666666666667,0.333333333333333,3
2012,"2012_14_NYJ_JAX","2012-12-09","JAX","NYJ",0.166666666666667,0.416666666666667,1
2012,"2012_14_CHI_MIN","2012-12-09","MIN","CHI",0.5,0.666666666666667,0
2012,"2012_14_SD_PIT","2012-12-09","PIT","SD",0.583333333333333,0.333333333333333,0
2012,"2012_14_PHI_TB","2012-12-09","TB","PHI",0.5,0.25,2
2012,"2012_14_BAL_WAS","2012-12-09","WAS","BAL",0.5,0.75,2
2012,"2012_14_MIA_SF","2012-12-09","SF","MIA",0.708333333333333,0.416666666666667,1
2012,"2012_14_NO_NYG","2012-12-09","NYG","NO",0.583333333333333,0.416666666666667,1
2012,"2012_14_ARI_SEA","2012-12-09","SEA","ARI",0.583333333333333,0.333333333333333,0
2012,"2012_14_DET_GB","2012-12-09","GB","DET",0.666666666666667,0.333333333333333,1
2012,"2012_14_HOU_NE","2012-12-10","NE","HOU",0.75,0.916666666666667,0
2012,"2012_15_CIN_PHI","2012-12-13","PHI","CIN",0.307692307692308,0.538461538461538,2
2012,"2012_15_NYG_ATL","2012-12-16","ATL","NYG",0.846153846153846,0.615384615384615,0
2012,"2012_15_DEN_BAL","2012-12-16","BAL","DEN",0.692307692307692,0.769230769230769,0
2012,"2012_15_GB_CHI","2012-12-16","CHI","GB",0.615384615384615,0.692307692307692,1
2012,"2012_15_WAS_CLE","2012-12-16","CLE","WAS",0.384615384615385,0.538461538461538,3
2012,"2012_15_IND_HOU","2012-12-16","HOU","IND",0.846153846153846,0.692307692307692,0
2012,"2012_15_JAX_MIA","2012-12-16","MIA","JAX",0.384615384615385,0.153846153846154,1
2012,"2012_15_TB_NO","2012-12-16","NO","TB",0.384615384615385,0.461538461538462,0
2012,"2012_15_MIN_STL","2012-12-16","STL","MIN",0.5,0.538461538461538,0
2012,"2012_15_DET_ARI","2012-12-16","ARI","DET",0.307692307692308,0.307692307692308,1
2012,"2012_15_SEA_BUF","2012-12-16","BUF","SEA",0.384615384615385,0.615384615384615,0
2012,"2012_15_CAR_SD","2012-12-16","SD","CAR",0.384615384615385,0.307692307692308,0
2012,"2012_15_PIT_DAL","2012-12-16","DAL","PIT",0.538461538461538,0.538461538461538,2
2012,"2012_15_KC_OAK","2012-12-16","OAK","KC",0.230769230769231,0.153846153846154,0
2012,"2012_15_SF_NE","2012-12-16","NE","SF",0.769230769230769,0.730769230769231,0
2012,"2012_15_NYJ_TEN","2012-12-17","TEN","NYJ",0.307692307692308,0.461538461538462,3
2012,"2012_16_ATL_DET","2012-12-22","DET","ATL",0.285714285714286,0.857142857142857,0
2012,"2012_16_OAK_CAR","2012-12-23","CAR","OAK",0.357142857142857,0.285714285714286,0
2012,"2012_16_NO_DAL","2012-12-23","DAL","NO",0.571428571428571,0.428571428571429,2
2012,"2012_16_TEN_GB","2012-12-23","GB","TEN",0.714285714285714,0.357142857142857,0
2012,"2012_16_MIN_HOU","2012-12-23","HOU","MIN",0.857142857142857,0.571428571428571,1
2012,"2012_16_NE_JAX","2012-12-23","JAX","NE",0.142857142857143,0.714285714285714,1
2012,"2012_16_IND_KC","2012-12-23","KC","IND",0.142857142857143,0.642857142857143,0
2012,"2012_16_BUF_MIA","2012-12-23","MIA","BUF",0.428571428571429,0.357142857142857,0
2012,"2012_16_SD_NYJ","2012-12-23","NYJ","SD",0.428571428571429,0.357142857142857,2
2012,"2012_16_WAS_PHI","2012-12-23","PHI","WAS",0.285714285714286,0.571428571428571,1
2012,"2012_16_CIN_PIT","2012-12-23","PIT","CIN",0.5,0.571428571428571,0
2012,"2012_16_STL_TB","2012-12-23","TB","STL",0.428571428571429,0.464285714285714,1
2012,"2012_16_CLE_DEN","2012-12-23","DEN","CLE",0.785714285714286,0.357142857142857,0
2012,"2012_16_CHI_ARI","2012-12-23","ARI","CHI",0.357142857142857,0.571428571428571,0
2012,"2012_16_NYG_BAL","2012-12-23","BAL","NYG",0.642857142857143,0.571428571428571,0
2012,"2012_16_SF_SEA","2012-12-23","SEA","SF",0.642857142857143,0.75,0
2012,"2012_17_TB_ATL","2012-12-30","ATL","TB",0.866666666666667,0.4,0
2012,"2012_17_NYJ_BUF","2012-12-30","BUF","NYJ",0.333333333333333,0.4,3
2012,"2012_17_BAL_CIN","2012-12-30","CIN","BAL",0.6,0.666666666666667,3
2012,"2012_17_CHI_DET","2012-12-30","DET","CHI",0.266666666666667,0.6,1
2012,"2012_17_HOU_IND","2012-12-30","IND","HOU",0.666666666666667,0.8,2
2012,"2012_17_CAR_NO","2012-12-30","NO","CAR",0.466666666666667,0.4,2
2012,"2012_17_PHI_NYG","2012-12-30","NYG","PHI",0.533333333333333,0.266666666666667,0
2012,"2012_17_CLE_PIT","2012-12-30","PIT","CLE",0.466666666666667,0.333333333333333,0
2012,"2012_17_JAX_TEN","2012-12-30","TEN","JAX",0.333333333333333,0.133333333333333,2
2012,"2012_17_KC_DEN","2012-12-30","DEN","KC",0.8,0.133333333333333,0
2012,"2012_17_GB_MIN","2012-12-30","MIN","GB",0.6,0.733333333333333,0
2012,"2012_17_MIA_NE","2012-12-30","NE","MIA",0.733333333333333,0.466666666666667,0
2012,"2012_17_OAK_SD","2012-12-30","SD","OAK",0.4,0.266666666666667,0
2012,"2012_17_STL_SEA","2012-12-30","SEA","STL",0.666666666666667,0.5,2
2012,"2012_17_ARI_SF","2012-12-30","SF","ARI",0.7,0.333333333333333,1
2012,"2012_17_DAL_WAS","2012-12-30","WAS","DAL",0.6,0.533333333333333,1
2012,"2012_18_CIN_HOU","2013-01-05","HOU","CIN",0.75,0.625,2
2012,"2012_18_MIN_GB","2013-01-05","GB","MIN",0.6875,0.625,1
2012,"2012_18_IND_BAL","2013-01-06","BAL","IND",0.625,0.6875,0
2012,"2012_18_SEA_WAS","2013-01-06","WAS","SEA",0.625,0.6875,1
2012,"2012_19_BAL_DEN","2013-01-12","DEN","BAL",0.8125,0.647058823529412,3
2012,"2012_19_GB_SF","2013-01-12","SF","GB",0.71875,0.705882352941177,1
2012,"2012_19_SEA_ATL","2013-01-13","ATL","SEA",0.8125,0.705882352941177,2
2012,"2012_19_HOU_NE","2013-01-13","NE","HOU",0.75,0.764705882352941,1
2012,"2012_20_SF_ATL","2013-01-20","ATL","SF",0.823529411764706,0.735294117647059,1
2012,"2012_20_BAL_NE","2013-01-20","NE","BAL",0.764705882352941,0.666666666666667,3
2012,"2012_21_BAL_SF","2013-02-03","SF","BAL",0.75,0.68421052631579,0
2013,"2013_01_BAL_DEN","2013-09-05","DEN","BAL",0,0,1
2013,"2013_01_NE_BUF","2013-09-08","BUF","NE",0,0,2
2013,"2013_01_SEA_CAR","2013-09-08","CAR","SEA",0,0,2
2013,"2013_01_CIN_CHI","2013-09-08","CHI","CIN",0,0,2
2013,"2013_01_MIA_CLE","2013-09-08","CLE","MIA",0,0,2
2013,"2013_01_MIN_DET","2013-09-08","DET","MIN",0,0,1
2013,"2013_01_OAK_IND","2013-09-08","IND","OAK",0,0,2
2013,"2013_01_KC_JAX","2013-09-08","JAX","KC",0,0,1
2013,"2013_01_ATL_NO","2013-09-08","NO","ATL",0,0,3
2013,"2013_01_TB_NYJ","2013-09-08","NYJ","TB",0,0,4
2013,"2013_01_TEN_PIT","2013-09-08","PIT","TEN",0,0,1
2013,"2013_01_GB_SF","2013-09-08","SF","GB",0,0,2
2013,"2013_01_ARI_STL","2013-09-08","STL","ARI",0,0,3
2013,"2013_01_NYG_DAL","2013-09-08","DAL","NYG",0,0,0
2013,"2013_01_PHI_WAS","2013-09-09","WAS","PHI",0,0,1
2013,"2013_01_HOU_SD","2013-09-09","SD","HOU",0,0,1
2013,"2013_02_NYJ_NE","2013-09-12","NE","NYJ",1,1,0
2013,"2013_02_STL_ATL","2013-09-15","ATL","STL",0,1,0
2013,"2013_02_CLE_BAL","2013-09-15","BAL","CLE",0,0,1
2013,"2013_02_CAR_BUF","2013-09-15","BUF","CAR",0,0,2
2013,"2013_02_MIN_CHI","2013-09-15","CHI","MIN",1,0,3
2013,"2013_02_WAS_GB","2013-09-15","GB","WAS",0,0,0
2013,"2013_02_TEN_HOU","2013-09-15","HOU","TEN",1,1,4
2013,"2013_02_MIA_IND","2013-09-15","IND","MIA",1,1,2
2013,"2013_02_DAL_KC","2013-09-15","KC","DAL",1,1,2
2013,"2013_02_SD_PHI","2013-09-15","PHI","SD",1,0,2
2013,"2013_02_DET_ARI","2013-09-15","ARI","DET",0,1,4
2013,"2013_02_NO_TB","2013-09-15","TB","NO",0,1,4
2013,"2013_02_DEN_NYG","2013-09-15","NYG","DEN",0,1,3
2013,"2013_02_JAX_OAK","2013-09-15","OAK","JAX",0,0,0
2013,"2013_02_SF_SEA","2013-09-15","SEA","SF",1,1,0
2013,"2013_02_PIT_CIN","2013-09-16","CIN","PIT",0,0,1
2013,"2013_03_KC_PHI","2013-09-19","PHI","KC",0.5,1,0
2013,"2013_03_HOU_BAL","2013-09-22","BAL","HOU",0.5,1,1
2013,"2013_03_NYG_CAR","2013-09-22","CAR","NYG",0,0,0
2013,"2013_03_GB_CIN","2013-09-22","CIN","GB",0.5,0.5,2
2013,"2013_03_STL_DAL","2013-09-22","DAL","STL",0.5,0.5,0
2013,"2013_03_CLE_MIN","2013-09-22","MIN","CLE",0,0,3
2013,"2013_03_TB_NE","2013-09-22","NE","TB",1,0,1
2013,"2013_03_ARI_NO","2013-09-22","NO","ARI",1,0.5,1
2013,"2013_03_SD_TEN","2013-09-22","TEN","SD",0.5,0.5,1
2013,"2013_03_DET_WAS","2013-09-22","WAS","DET",0,0.5,1
2013,"2013_03_ATL_MIA","2013-09-22","MIA","ATL",1,0.5,1
2013,"2013_03_BUF_NYJ","2013-09-22","NYJ","BUF",0.5,0.5,0
2013,"2013_03_JAX_SEA","2013-09-22","SEA","JAX",1,0,0
2013,"2013_03_IND_SF","2013-09-22","SF","IND",0.5,0.5,0
2013,"2013_03_CHI_PIT","2013-09-22","PIT","CHI",0,1,0
2013,"2013_03_OAK_DEN","2013-09-23","DEN","OAK",1,0.5,0
2013,"2013_04_SF_STL","2013-09-26","STL","SF",0.333333333333333,0.333333333333333,1
2013,"2013_04_BAL_BUF","2013-09-29","BUF","BAL",0.333333333333333,0.666666666666667,2
2013,"2013_04_CIN_CLE","2013-09-29","CLE","CIN",0.333333333333333,0.666666666666667,0
2013,"2013_04_CHI_DET","2013-09-29","DET","CHI",0.666666666666667,1,3
2013,"2013_04_SEA_HOU","2013-09-29","HOU","SEA",0.666666666666667,1,2
2013,"2013_04_IND_JAX","2013-09-29","JAX","IND",0,0.666666666666667,1
2013,"2013_04_NYG_KC","2013-09-29","KC","NYG",1,0,0
2013,"2013_04_PIT_MIN","2013-09-29","MIN","PIT",0,0,0
2013,"2013_04_ARI_TB","2013-09-29","TB","ARI",0,0.333333333333333,1
2013,"2013_04_NYJ_TEN","2013-09-29","TEN","NYJ",0.666666666666667,0.666666666666667,0
2013,"2013_04_PHI_DEN","2013-09-29","DEN","PHI",1,0.333333333333333,0
2013,"2013_04_WAS_OAK","2013-09-29","OAK","WAS",0.333333333333333,0,1
2013,"2013_04_DAL_SD","2013-09-29","SD","DAL",0.333333333333333,0.666666666666667,2
2013,"2013_04_NE_ATL","2013-09-29","ATL","NE",0.333333333333333,1,1
2013,"2013_04_MIA_NO","2013-09-30","NO","MIA",1,1,0
2013,"2013_05_BUF_CLE","2013-10-03","CLE","BUF",0.5,0.5,3
2013,"2013_05_NO_CHI","2013-10-06","CHI","NO",0.75,1,0
2013,"2013_05_NE_CIN","2013-10-06","CIN","NE",0.5,1,0
2013,"2013_05_DET_GB","2013-10-06","GB","DET",0.333333333333333,0.75,0
2013,"2013_05_SEA_IND","2013-10-06","IND","SEA",0.75,1,3
2013,"2013_05_BAL_MIA","2013-10-06","MIA","BAL",0.75,0.5,2
2013,"2013_05_PHI_NYG","2013-10-06","NYG","PHI",0,0.25,3
2013,"2013_05_JAX_STL","2013-10-06","STL","JAX",0.25,0,1
2013,"2013_05_KC_TEN","2013-10-06","TEN","KC",0.75,1,2
2013,"2013_05_CAR_ARI","2013-10-06","ARI","CAR",0.5,0.333333333333333,1
2013,"2013_05_DEN_DAL","2013-10-06","DAL","DEN",0.5,1,3
2013,"2013_05_HOU_SF","2013-10-06","SF","HOU",0.5,0.5,0
2013,"2013_05_SD_OAK","2013-10-06","OAK","SD",0.25,0.5,0
2013,"2013_05_NYJ_ATL","2013-10-07","ATL","NYJ",0.25,0.5,4
2013,"2013_06_NYG_CHI","2013-10-10","CHI","NYG",0.6,0,0
2013,"2013_06_GB_BAL","2013-10-13","BAL","GB",0.6,0.5,0
2013,"2013_06_CIN_BUF","2013-10-13","BUF","CIN",0.4,0.6,2
2013,"2013_06_DET_CLE","2013-10-13","CLE","DET",0.6,0.6,2
2013,"2013_06_STL_HOU","2013-10-13","HOU","STL",0.4,0.4,0
2013,"2013_06_OAK_KC","2013-10-13","KC","OAK",1,0.4,1
2013,"2013_06_CAR_MIN","2013-10-13","MIN","CAR",0.25,0.25,0
2013,"2013_06_PIT_NYJ","2013-10-13","NYJ","PIT",0.6,0,1
2013,"2013_06_PHI_TB","2013-10-13","TB","PHI",0,0.4,4
2013,"2013_06_JAX_DEN","2013-10-13","DEN","JAX",1,0,0
2013,"2013_06_TEN_SEA","2013-10-13","SEA","TEN",0.8,0.6,3
2013,"2013_06_NO_NE","2013-10-13","NE","NO",0.8,1,4
2013,"2013_06_ARI_SF","2013-10-13","SF","ARI",0.6,0.6,2
2013,"2013_06_WAS_DAL","2013-10-13","DAL","WAS",0.4,0.25,0
2013,"2013_06_IND_SD","2013-10-14","SD","IND",0.4,0.8,1
2013,"2013_07_SEA_ARI","2013-10-17","ARI","SEA",0.5,0.833333333333333,0
2013,"2013_07_TB_ATL","2013-10-20","ATL","TB",0.2,0,0
2013,"2013_07_STL_CAR","2013-10-20","CAR","STL",0.4,0.5,0
2013,"2013_07_CIN_DET","2013-10-20","DET","CIN",0.666666666666667,0.666666666666667,2
2013,"2013_07_SD_JAX","2013-10-20","JAX","SD",0,0.5,0
2013,"2013_07_BUF_MIA","2013-10-20","MIA","BUF",0.6,0.333333333333333,2
2013,"2013_07_NE_NYJ","2013-10-20","NYJ","NE",0.5,0.833333333333333,2
2013,"2013_07_DAL_PHI","2013-10-20","PHI","DAL",0.5,0.5,0
2013,"2013_07_CHI_WAS","2013-10-20","WAS","CHI",0.2,0.666666666666667,4
2013,"2013_07_SF_TEN","2013-10-20","TEN","SF",0.5,0.666666666666667,0
2013,"2013_07_CLE_GB","2013-10-20","GB","CLE",0.6,0.5,0
2013,"2013_07_HOU_KC","2013-10-20","KC","HOU",1,0.333333333333333,3
2013,"2013_07_BAL_PIT","2013-10-20","PIT","BAL",0.2,0.5,0
2013,"2013_07_DEN_IND","2013-10-20","IND","DEN",0.666666666666667,1,3
2013,"2013_07_MIN_NYG","2013-10-21","NYG","MIN",0,0.2,2
2013,"2013_08_CAR_TB","2013-10-24","TB","CAR",0,0.5,0
2013,"2013_08_DAL_DET","2013-10-27","DET","DAL",0.571428571428571,0.571428571428571,2
2013,"2013_08_SF_JAX","2013-10-27","JAX","SF",0,0.714285714285714,0
2013,"2013_08_CLE_KC","2013-10-27","KC","CLE",1,0.428571428571429,0
2013,"2013_08_MIA_NE","2013-10-27","NE","MIA",0.714285714285714,0.5,1
2013,"2013_08_BUF_NO","2013-10-27","NO","BUF",0.833333333333333,0.428571428571429,2
2013,"2013_08_NYG_PHI","2013-10-27","PHI","NYG",0.428571428571429,0.142857142857143,0
2013,"2013_08_NYJ_CIN","2013-10-27","CIN","NYJ",0.714285714285714,0.571428571428571,0
2013,"2013_08_PIT_OAK","2013-10-27","OAK","PIT",0.333333333333333,0.333333333333333,0
2013,"2013_08_ATL_ARI","2013-10-27","ARI","ATL",0.428571428571429,0.333333333333333,1
2013,"2013_08_WAS_DEN","2013-10-27","DEN","WAS",0.857142857142857,0.333333333333333,2
2013,"2013_08_GB_MIN","2013-10-27","MIN","GB",0.166666666666667,0.666666666666667,1
2013,"2013_08_SEA_STL","2013-10-28","STL","SEA",0.428571428571429,0.857142857142857,1
2013,"2013_09_CIN_MIA","2013-10-31","MIA","CIN",0.428571428571429,0.75,3
2013,"2013_09_KC_BUF","2013-11-03","BUF","KC",0.375,1,1
2013,"2013_09_ATL_CAR","2013-11-03","CAR","ATL",0.571428571428571,0.285714285714286,0
2013,"2013_09_MIN_DAL","2013-11-03","DAL","MIN",0.5,0.142857142857143,4
2013,"2013_09_NO_NYJ","2013-11-03","NYJ","NO",0.5,0.857142857142857,2
2013,"2013_09_TEN_STL","2013-11-03","STL","TEN",0.375,0.428571428571429,2
2013,"2013_09_SD_WAS","2013-11-03","WAS","SD",0.285714285714286,0.571428571428571,1
2013,"2013_09_PHI_OAK","2013-11-03","OAK","PHI",0.428571428571429,0.375,0
2013,"2013_09_TB_SEA","2013-11-03","SEA","TB",0.875,0,1
2013,"2013_09_BAL_CLE","2013-11-03","CLE","BAL",0.375,0.428571428571429,0
2013,"2013_09_PIT_NE","2013-11-03","NE","PIT",0.75,0.285714285714286,0
2013,"2013_09_IND_HOU","2013-11-03","HOU","IND",0.285714285714286,0.714285714285714,1
2013,"2013_09_CHI_GB","2013-11-04","GB","CHI",0.714285714285714,0.571428571428571,5
2013,"2013_10_WAS_MIN","2013-11-07","MIN","WAS",0.125,0.375,5
2013,"2013_10_SEA_ATL","2013-11-10","ATL","SEA",0.25,0.888888888888889,0
2013,"2013_10_CIN_BAL","2013-11-10","BAL","CIN",0.375,0.666666666666667,0
2013,"2013_10_DET_CHI","2013-11-10","CHI","DET",0.625,0.625,1
2013,"2013_10_PHI_GB","2013-11-10","GB","PHI",0.625,0.444444444444444,0
2013,"2013_10_STL_IND","2013-11-10","IND","STL",0.75,0.333333333333333,0
2013,"2013_10_OAK_NYG","2013-11-10","NYG","OAK",0.25,0.375,3
2013,"2013_10_BUF_PIT","2013-11-10","PIT","BUF",0.25,0.333333333333333,1
2013,"2013_10_JAX_TEN","2013-11-10","TEN","JAX",0.5,0,0
2013,"2013_10_CAR_SF","2013-11-10","SF","CAR",0.75,0.625,1
2013,"2013_10_HOU_ARI","2013-11-10","ARI","HOU",0.5,0.25,2
2013,"2013_10_DEN_SD","2013-11-10","SD","DEN",0.5,0.875,0
2013,"2013_10_DAL_NO","2013-11-10","NO","DAL",0.75,0.555555555555556,3
2013,"2013_10_MIA_TB","2013-11-11","TB","MIA",0,0.5,2
2013,"2013_11_IND_TEN","2013-11-14","TEN","IND",0.444444444444444,0.666666666666667,1
2013,"2013_11_NYJ_BUF","2013-11-17","BUF","NYJ",0.3,0.555555555555556,0
2013,"2013_11_BAL_CHI","2013-11-17","CHI","BAL",0.555555555555556,0.444444444444444,1
2013,"2013_11_CLE_CIN","2013-11-17","CIN","CLE",0.6,0.444444444444444,1
2013,"2013_11_OAK_HOU","2013-11-17","HOU","OAK",0.222222222222222,0.333333333333333,2
2013,"2013_11_ARI_JAX","2013-11-17","JAX","ARI",0.111111111111111,0.555555555555556,1
2013,"2013_11_WAS_PHI","2013-11-17","PHI","WAS",0.5,0.333333333333333,0
2013,"2013_11_DET_PIT","2013-11-17","PIT","DET",0.333333333333333,0.666666666666667,2
2013,"2013_11_ATL_TB","2013-11-17","TB","ATL",0.111111111111111,0.222222222222222,0
2013,"2013_11_SD_MIA","2013-11-17","MIA","SD",0.444444444444444,0.444444444444444,2
2013,"2013_11_SF_NO","2013-11-17","NO","SF",0.777777777777778,0.666666666666667,4
2013,"2013_11_GB_NYG","2013-11-17","NYG","GB",0.333333333333333,0.555555555555556,0
2013,"2013_11_MIN_SEA","2013-11-17","SEA","MIN",0.9,0.222222222222222,0
2013,"2013_11_KC_DEN","2013-11-17","DEN","KC",0.888888888888889,1,0
2013,"2013_11_NE_CAR","2013-11-18","CAR","NE",0.666666666666667,0.777777777777778,2
2013,"2013_12_NO_ATL","2013-11-21","ATL","NO",0.2,0.8,1
2013,"2013_12_NYJ_BAL","2013-11-24","BAL","NYJ",0.4,0.5,1
2013,"2013_12_PIT_CLE","2013-11-24","CLE","PIT",0.4,0.4,0
2013,"2013_12_TB_DET","2013-11-24","DET","TB",0.6,0.2,6
2013,"2013_12_MIN_GB","2013-11-24","GB","MIN",0.5,0.2,2
2013,"2013_12_JAX_HOU","2013-11-24","HOU","JAX",0.2,0.1,0
2013,"2013_12_SD_KC","2013-11-24","KC","SD",0.9,0.4,8
2013,"2013_12_CAR_MIA","2013-11-24","MIA","CAR",0.5,0.7,2
2013,"2013_12_CHI_STL","2013-11-24","STL","CHI",0.4,0.6,0
2013,"2013_12_IND_ARI","2013-11-24","ARI","IND",0.6,0.7,0
2013,"2013_12_TEN_OAK","2013-11-24","OAK","TEN",0.4,0.4,5
2013,"2013_12_DAL_NYG","2013-11-24","NYG","DAL",0.4,0.5,0
2013,"2013_12_DEN_NE","2013-11-24","NE","DEN",0.7,0.9,1
2013,"2013_12_SF_WAS","2013-11-25","WAS","SF",0.3,0.6,0
2013,"2013_13_GB_DET","2013-11-28","DET","GB",0.545454545454545,0.5,2
2013,"2013_13_OAK_DAL","2013-11-28","DAL","OAK",0.545454545454545,0.363636363636364,1
2013,"2013_13_PIT_BAL","2013-11-28","BAL","PIT",0.454545454545455,0.454545454545455,0
2013,"2013_13_TB_CAR","2013-12-01","CAR","TB",0.727272727272727,0.272727272727273,1
2013,"2013_13_JAX_CLE","2013-12-01","CLE","JAX",0.363636363636364,0.181818181818182,5
2013,"2013_13_NE_HOU","2013-12-01","HOU","NE",0.181818181818182,0.727272727272727,5
2013,"2013_13_TEN_IND","2013-12-01","IND","TEN",0.636363636363636,0.454545454545455,4
2013,"2013_13_CHI_MIN","2013-12-01","MIN","CHI",0.227272727272727,0.545454545454545,3
2013,"2013_13_MIA_NYJ","2013-12-01","NYJ","MIA",0.454545454545455,0.454545454545455,0
2013,"2013_13_ARI_PHI","2013-12-01","PHI","ARI",0.545454545454545,0.636363636363636,0
2013,"2013_13_ATL_BUF","2013-12-01","BUF","ATL",0.363636363636364,0.181818181818182,3
2013,"2013_13_STL_SF","2013-12-01","SF","STL",0.636363636363636,0.454545454545455,0
2013,"2013_13_DEN_KC","2013-12-01","KC","DEN",0.818181818181818,0.818181818181818,1
2013,"2013_13_CIN_SD","2013-12-01","SD","CIN",0.454545454545455,0.636363636363636,0
2013,"2013_13_NYG_WAS","2013-12-01","WAS","NYG",0.272727272727273,0.363636363636364,1
2013,"2013_13_NO_SEA","2013-12-02","SEA","NO",0.909090909090909,0.818181818181818,0
2013,"2013_14_HOU_JAX","2013-12-05","JAX","HOU",0.25,0.166666666666667,0
2013,"2013_14_MIN_BAL","2013-12-08","BAL","MIN",0.5,0.291666666666667,6
2013,"2013_14_IND_CIN","2013-12-08","CIN","IND",0.666666666666667,0.666666666666667,0
2013,"2013_14_ATL_GB","2013-12-08","GB","ATL",0.458333333333333,0.25,2
2013,"2013_14_CLE_NE","2013-12-08","NE","CLE",0.75,0.333333333333333,1
2013,"2013_14_OAK_NYJ","2013-12-08","NYJ","OAK",0.416666666666667,0.333333333333333,0
2013,"2013_14_DET_PHI","2013-12-08","PHI","DET",0.583333333333333,0.583333333333333,1
2013,"2013_14_MIA_PIT","2013-12-08","PIT","MIA",0.416666666666667,0.5,5
2013,"2013_14_BUF_TB","2013-12-08","TB","BUF",0.25,0.333333333333333,0
2013,"2013_14_KC_WAS","2013-12-08","WAS","KC",0.25,0.75,0
2013,"2013_14_TEN_DEN","2013-12-08","DEN","TEN",0.833333333333333,0.416666666666667,1
2013,"2013_14_STL_ARI","2013-12-08","ARI","STL",0.583333333333333,0.416666666666667,0
2013,"2013_14_NYG_SD","2013-12-08","SD","NYG",0.416666666666667,0.416666666666667,0
2013,"2013_14_SEA_SF","2013-12-08","SF","SEA",0.666666666666667,0.916666666666667,6
2013,"2013_14_CAR_NO","2013-12-08","NO","CAR",0.75,0.75,1
2013,"2013_14_DAL_CHI","2013-12-09","CHI","DAL",0.5,0.583333333333333,1
2013,"2013_15_SD_DEN","2013-12-12","DEN","SD",0.846153846153846,0.461538461538462,1
2013,"2013_15_WAS_ATL","2013-12-15","ATL","WAS",0.230769230769231,0.230769230769231,2
2013,"2013_15_CHI_CLE","2013-12-15","CLE","CHI",0.307692307692308,0.538461538461538,3
2013,"2013_15_HOU_IND","2013-12-15","IND","HOU",0.615384615384615,0.153846153846154,0
2013,"2013_15_BUF_JAX","2013-12-15","JAX","BUF",0.307692307692308,0.307692307692308,2
2013,"2013_15_NE_MIA","2013-12-15","MIA","NE",0.538461538461538,0.769230769230769,3
2013,"2013_15_PHI_MIN","2013-12-15","MIN","PHI",0.269230769230769,0.615384615384615,0
2013,"2013_15_SEA_NYG","2013-12-15","NYG","SEA",0.384615384615385,0.846153846153846,0
2013,"2013_15_SF_TB","2013-12-15","TB","SF",0.307692307692308,0.692307692307692,0
2013,"2013_15_NYJ_CAR","2013-12-15","CAR","NYJ",0.692307692307692,0.461538461538462,0
2013,"2013_15_KC_OAK","2013-12-15","OAK","KC",0.307692307692308,0.769230769230769,0
2013,"2013_15_GB_DAL","2013-12-15","DAL","GB",0.538461538461538,0.5,1
2013,"2013_15_NO_STL","2013-12-15","STL","NO",0.384615384615385,0.769230769230769,0
2013,"2013_15_ARI_TEN","2013-12-15","TEN","ARI",0.384615384615385,0.615384615384615,5
2013,"2013_15_CIN_PIT","2013-12-15","PIT","CIN",0.384615384615385,0.692307692307692,0
2013,"2013_15_BAL_DET","2013-12-16","DET","BAL",0.538461538461538,0.538461538461538,3
2013,"2013_16_MIA_BUF","2013-12-22","BUF","MIA",0.357142857142857,0.571428571428571,0
2013,"2013_16_NO_CAR","2013-12-22","CAR","NO",0.714285714285714,0.714285714285714,3
2013,"2013_16_MIN_CIN","2013-12-22","CIN","MIN",0.642857142857143,0.321428571428571,0
2013,"2013_16_DEN_HOU","2013-12-22","HOU","DEN",0.142857142857143,0.785714285714286,0
2013,"2013_16_TEN_JAX","2013-12-22","JAX","TEN",0.285714285714286,0.357142857142857,2
2013,"2013_16_IND_KC","2013-12-22","KC","IND",0.785714285714286,0.642857142857143,1
2013,"2013_16_CLE_NYJ","2013-12-22","NYJ","CLE",0.428571428571429,0.285714285714286,1
2013,"2013_16_TB_STL","2013-12-22","STL","TB",0.428571428571429,0.285714285714286,1
2013,"2013_16_DAL_WAS","2013-12-22","WAS","DAL",0.214285714285714,0.5,2
2013,"2013_16_NYG_DET","2013-12-22","DET","NYG",0.5,0.357142857142857,2
2013,"2013_16_ARI_SEA","2013-12-22","SEA","ARI",0.857142857142857,0.642857142857143,3
2013,"2013_16_NE_BAL","2013-12-22","BAL","NE",0.571428571428571,0.714285714285714,0
2013,"2013_16_PIT_GB","2013-12-22","GB","PIT",0.535714285714286,0.428571428571429,3
2013,"2013_16_OAK_SD","2013-12-22","SD","OAK",0.5,0.285714285714286,2
2013,"2013_16_CHI_PHI","2013-12-22","PHI","CHI",0.571428571428571,0.571428571428571,0
2013,"2013_16_ATL_SF","2013-12-23","SF","ATL",0.714285714285714,0.285714285714286,2
2013,"2013_17_CAR_ATL","2013-12-29","ATL","CAR",0.266666666666667,0.733333333333333,3
2013,"2013_17_BAL_CIN","2013-12-29","CIN","BAL",0.666666666666667,0.533333333333333,1
2013,"2013_17_JAX_IND","2013-12-29","IND","JAX",0.666666666666667,0.266666666666667,0
2013,"2013_17_NYJ_MIA","2013-12-29","MIA","NYJ",0.533333333333333,0.466666666666667,1
2013,"2013_17_DET_MIN","2013-12-29","MIN","DET",0.3,0.466666666666667,2
2013,"2013_17_WAS_NYG","2013-12-29","NYG","WAS",0.4,0.2,1
2013,"2013_17_CLE_PIT","2013-12-29","PIT","CLE",0.466666666666667,0.266666666666667,0
2013,"2013_17_HOU_TEN","2013-12-29","TEN","HOU",0.4,0.133333333333333,1
2013,"2013_17_SF_ARI","2013-12-29","ARI","SF",0.666666666666667,0.733333333333333,0
2013,"2013_17_GB_CHI","2013-12-29","CHI","GB",0.533333333333333,0.5,5
2013,"2013_17_BUF_NE","2013-12-29","NE","BUF",0.733333333333333,0.4,0
2013,"2013_17_TB_NO","2013-12-29","NO","TB",0.666666666666667,0.266666666666667,0
2013,"2013_17_DEN_OAK","2013-12-29","OAK","DEN",0.266666666666667,0.8,0
2013,"2013_17_KC_SD","2013-12-29","SD","KC",0.533333333333333,0.733333333333333,1
2013,"2013_17_STL_SEA","2013-12-29","SEA","STL",0.8,0.466666666666667,0
2013,"2013_17_PHI_DAL","2013-12-29","DAL","PHI",0.533333333333333,0.6,0
2013,"2013_18_KC_IND","2014-01-04","IND","KC",0.6875,0.6875,1
2013,"2013_18_NO_PHI","2014-01-04","PHI","NO",0.625,0.6875,4
2013,"2013_18_SD_CIN","2014-01-05","CIN","SD",0.6875,0.5625,2
2013,"2013_18_SF_GB","2014-01-05","GB","SF",0.53125,0.75,4
2013,"2013_19_NO_SEA","2014-01-11","SEA","NO",0.8125,0.705882352941177,0
2013,"2013_19_IND_NE","2014-01-11","NE","IND",0.75,0.705882352941177,0
2013,"2013_19_SF_CAR","2014-01-12","CAR","SF",0.75,0.764705882352941,2
2013,"2013_19_SD_DEN","2014-01-12","DEN","SD",0.8125,0.588235294117647,0
2013,"2013_20_NE_DEN","2014-01-19","DEN","NE",0.823529411764706,0.764705882352941,0
2013,"2013_20_SF_SEA","2014-01-19","SEA","SF",0.823529411764706,0.777777777777778,1
2013,"2013_21_SEA_DEN","2014-02-02","DEN","SEA",0.833333333333333,0.833333333333333,0
2014,"2014_01_GB_SEA","2014-09-04","SEA","GB",0,0,2
2014,"2014_01_NO_ATL","2014-09-07","ATL","NO",0,0,5
2014,"2014_01_CIN_BAL","2014-09-07","BAL","CIN",0,0,2
2014,"2014_01_BUF_CHI","2014-09-07","CHI","BUF",0,0,1
2014,"2014_01_WAS_HOU","2014-09-07","HOU","WAS",0,0,1
2014,"2014_01_TEN_KC","2014-09-07","KC","TEN",0,0,1
2014,"2014_01_NE_MIA","2014-09-07","MIA","NE",0,0,2
2014,"2014_01_OAK_NYJ","2014-09-07","NYJ","OAK",0,0,2
2014,"2014_01_JAX_PHI","2014-09-07","PHI","JAX",0,0,1
2014,"2014_01_CLE_PIT","2014-09-07","PIT","CLE",0,0,0
2014,"2014_01_MIN_STL","2014-09-07","STL","MIN",0,0,0
2014,"2014_01_SF_DAL","2014-09-07","DAL","SF",0,0,0
2014,"2014_01_CAR_TB","2014-09-07","TB","CAR",0,0,0
2014,"2014_01_IND_DEN","2014-09-07","DEN","IND",0,0,0
2014,"2014_01_NYG_DET","2014-09-08","DET","NYG",0,0,0
2014,"2014_01_SD_ARI","2014-09-08","ARI","SD",0,0,2
2014,"2014_02_PIT_BAL","2014-09-11","BAL","PIT",0,1,0
2014,"2014_02_MIA_BUF","2014-09-14","BUF","MIA",1,1,0
2014,"2014_02_DET_CAR","2014-09-14","CAR","DET",1,1,2
2014,"2014_02_ATL_CIN","2014-09-14","CIN","ATL",1,1,0
2014,"2014_02_NO_CLE","2014-09-14","CLE","NO",0,0,4
2014,"2014_02_NE_MIN","2014-09-14","MIN","NE",1,0,1
2014,"2014_02_ARI_NYG","2014-09-14","NYG","ARI",0,1,2
2014,"2014_02_DAL_TEN","2014-09-14","TEN","DAL",1,0,0
2014,"2014_02_JAX_WAS","2014-09-14","WAS","JAX",0,0,0
2014,"2014_02_SEA_SD","2014-09-14","SD","SEA",0,1,2
2014,"2014_02_STL_TB","2014-09-14","TB","STL",0,0,5
2014,"2014_02_KC_DEN","2014-09-14","DEN","KC",1,0,2
2014,"2014_02_NYJ_GB","2014-09-14","GB","NYJ",0,1,1
2014,"2014_02_HOU_OAK","2014-09-14","OAK","HOU",0,1,0
2014,"2014_02_CHI_SF","2014-09-14","SF","CHI",1,0,1
2014,"2014_02_PHI_IND","2014-09-15","IND","PHI",0,1,2
2014,"2014_03_TB_ATL","2014-09-18","ATL","TB",0.5,0,0
2014,"2014_03_SD_BUF","2014-09-21","BUF","SD",1,0.5,0
2014,"2014_03_TEN_CIN","2014-09-21","CIN","TEN",1,0.5,0
2014,"2014_03_BAL_CLE","2014-09-21","CLE","BAL",0.5,0.5,6
2014,"2014_03_GB_DET","2014-09-21","DET","GB",0.5,0.5,0
2014,"2014_03_IND_JAX","2014-09-21","JAX","IND",0,0,0
2014,"2014_03_OAK_NE","2014-09-21","NE","OAK",0.5,0,1
2014,"2014_03_MIN_NO","2014-09-21","NO","MIN",0,0.5,0
2014,"2014_03_HOU_NYG","2014-09-21","NYG","HOU",0,1,0
2014,"2014_03_WAS_PHI","2014-09-21","PHI","WAS",1,0.5,1
2014,"2014_03_DAL_STL","2014-09-21","STL","DAL",0.5,0.5,1
2014,"2014_03_SF_ARI","2014-09-21","ARI","SF",1,0.5,2
2014,"2014_03_KC_MIA","2014-09-21","MIA","KC",0.5,0,0
2014,"2014_03_DEN_SEA","2014-09-21","SEA","DEN",0.5,1,0
2014,"2014_03_PIT_CAR","2014-09-21","CAR","PIT",1,0.5,1
2014,"2014_03_CHI_NYJ","2014-09-22","NYJ","CHI",0.5,0.5,0
2014,"2014_04_NYG_WAS","2014-09-25","WAS","NYG",0.333333333333333,0.333333333333333,0
2014,"2014_04_CAR_BAL","2014-09-28","BAL","CAR",0.666666666666667,0.666666666666667,0
2014,"2014_04_GB_CHI","2014-09-28","CHI","GB",0.666666666666667,0.333333333333333,3
2014,"2014_04_BUF_HOU","2014-09-28","HOU","BUF",0.666666666666667,0.666666666666667,1
2014,"2014_04_TEN_IND","2014-09-28","IND","TEN",0.333333333333333,0.333333333333333,0
2014,"2014_04_DET_NYJ","2014-09-28","NYJ","DET",0.333333333333333,0.666666666666667,1
2014,"2014_04_MIA_OAK","2014-09-28","OAK","MIA",0,0.333333333333333,1
2014,"2014_04_TB_PIT","2014-09-28","PIT","TB",0.666666666666667,0,2
2014,"2014_04_JAX_SD","2014-09-28","SD","JAX",0.666666666666667,0,4
2014,"2014_04_ATL_MIN","2014-09-28","MIN","ATL",0.333333333333333,0.666666666666667,2
2014,"2014_04_PHI_SF","2014-09-28","SF","PHI",0.333333333333333,1,3
2014,"2014_04_NO_DAL","2014-09-28","DAL","NO",0.666666666666667,0.333333333333333,0
2014,"2014_04_NE_KC","2014-09-29","KC","NE",0.333333333333333,0.666666666666667,0
2014,"2014_05_MIN_GB","2014-10-02","GB","MIN",0.5,0.5,0
2014,"2014_05_CHI_CAR","2014-10-05","CAR","CHI",0.5,0.5,2
2014,"2014_05_HOU_DAL","2014-10-05","DAL","HOU",0.75,0.75,2
2014,"2014_05_BUF_DET","2014-10-05","DET","BUF",0.75,0.5,1
2014,"2014_05_BAL_IND","2014-10-05","IND","BAL",0.5,0.75,0
2014,"2014_05_PIT_JAX","2014-10-05","JAX","PIT",0,0.5,1
2014,"2014_05_TB_NO","2014-10-05","NO","TB",0.25,0.25,2
2014,"2014_05_ATL_NYG","2014-10-05","NYG","ATL",0.5,0.5,2
2014,"2014_05_STL_PHI","2014-10-05","PHI","STL",0.75,0.333333333333333,0
2014,"2014_05_CLE_TEN","2014-10-05","TEN","CLE",0.25,0.333333333333333,1
2014,"2014_05_ARI_DEN","2014-10-05","DEN","ARI",0.666666666666667,1,1
2014,"2014_05_NYJ_SD","2014-10-05","SD","NYJ",0.75,0.25,0
2014,"2014_05_KC_SF","2014-10-05","SF","KC",0.5,0.5,3
2014,"2014_05_CIN_NE","2014-10-05","NE","CIN",0.5,1,0
2014,"2014_05_SEA_WAS","2014-10-06","WAS","SEA",0.25,0.666666666666667,0
2014,"2014_06_IND_HOU","2014-10-09","HOU","IND",0.6,0.6,0
2014,"2014_06_NE_BUF","2014-10-12","BUF","NE",0.6,0.6,0
2014,"2014_06_CAR_CIN","2014-10-12","CIN","CAR",0.75,0.6,3
2014,"2014_06_PIT_CLE","2014-10-12","CLE","PIT",0.5,0.6,1
2014,"2014_06_GB_MIA","2014-10-12","MIA","GB",0.5,0.6,2
2014,"2014_06_DET_MIN","2014-10-12","MIN","DET",0.4,0.6,0
2014,"2014_06_DEN_NYJ","2014-10-12","NYJ","DEN",0.2,0.75,2
2014,"2014_06_BAL_TB","2014-10-12","TB","BAL",0.2,0.6,0
2014,"2014_06_JAX_TEN","2014-10-12","TEN","JAX",0.2,0,1
2014,"2014_06_SD_OAK","2014-10-12","OAK","SD",0,0.8,3
2014,"2014_06_WAS_ARI","2014-10-12","ARI","WAS",0.75,0.2,2
2014,"2014_06_CHI_ATL","2014-10-12","ATL","CHI",0.4,0.4,1
2014,"2014_06_DAL_SEA","2014-10-12","SEA","DAL",0.75,0.8,3
2014,"2014_06_NYG_PHI","2014-10-12","PHI","NYG",0.8,0.6,0
2014,"2014_06_SF_STL","2014-10-13","STL","SF",0.25,0.6,1
2014,"2014_07_NYJ_NE","2014-10-16","NE","NYJ",0.666666666666667,0.166666666666667,4
2014,"2014_07_ATL_BAL","2014-10-19","BAL","ATL",0.666666666666667,0.333333333333333,0
2014,"2014_07_MIN_BUF","2014-10-19","BUF","MIN",0.5,0.333333333333333,3
2014,"2014_07_MIA_CHI","2014-10-19","CHI","MIA",0.5,0.4,0
2014,"2014_07_NO_DET","2014-10-19","DET","NO",0.666666666666667,0.4,1
2014,"2014_07_CAR_GB","2014-10-19","GB","CAR",0.666666666666667,0.583333333333333,0
2014,"2014_07_CIN_IND","2014-10-19","IND","CIN",0.666666666666667,0.7,0
2014,"2014_07_CLE_JAX","2014-10-19","JAX","CLE",0,0.6,1
2014,"2014_07_SEA_STL","2014-10-19","STL","SEA",0.2,0.6,1
2014,"2014_07_TEN_WAS","2014-10-19","WAS","TEN",0.166666666666667,0.333333333333333,4
2014,"2014_07_KC_SD","2014-10-19","SD","KC",0.833333333333333,0.4,3
2014,"2014_07_NYG_DAL","2014-10-19","DAL","NYG",0.833333333333333,0.5,2
2014,"2014_07_ARI_OAK","2014-10-19","OAK","ARI",0,0.8,0
2014,"2014_07_SF_DEN","2014-10-19","DEN","SF",0.8,0.666666666666667,0
2014,"2014_07_HOU_PIT","2014-10-20","PIT","HOU",0.5,0.5,1
2014,"2014_08_SD_DEN","2014-10-23","DEN","SD",0.833333333333333,0.714285714285714,0
2014,"2014_08_DET_ATL","2014-10-26","ATL","DET",0.285714285714286,0.714285714285714,1
2014,"2014_08_SEA_CAR","2014-10-26","CAR","SEA",0.5,0.5,1
2014,"2014_08_BAL_CIN","2014-10-26","CIN","BAL",0.583333333333333,0.714285714285714,2
2014,"2014_08_MIA_JAX","2014-10-26","JAX","MIA",0.142857142857143,0.5,0
2014,"2014_08_STL_KC","2014-10-26","KC","STL",0.5,0.333333333333333,1
2014,"2014_08_CHI_NE","2014-10-26","NE","CHI",0.714285714285714,0.428571428571429,0
2014,"2014_08_BUF_NYJ","2014-10-26","NYJ","BUF",0.142857142857143,0.571428571428571,0
2014,"2014_08_MIN_TB","2014-10-26","TB","MIN",0.166666666666667,0.285714285714286,2
2014,"2014_08_HOU_TEN","2014-10-26","TEN","HOU",0.285714285714286,0.428571428571429,1
2014,"2014_08_PHI_ARI","2014-10-26","ARI","PHI",0.833333333333333,0.833333333333333,3
2014,"2014_08_OAK_CLE","2014-10-26","CLE","OAK",0.5,0,0
2014,"2014_08_IND_PIT","2014-10-26","PIT","IND",0.571428571428571,0.714285714285714,1
2014,"2014_08_GB_NO","2014-10-26","NO","GB",0.333333333333333,0.714285714285714,1
2014,"2014_08_WAS_DAL","2014-10-27","DAL","WAS",0.857142857142857,0.285714285714286,2
2014,"2014_09_NO_CAR","2014-10-30","CAR","NO",0.4375,0.428571428571429,0
2014,"2014_09_JAX_CIN","2014-11-02","CIN","JAX",0.642857142857143,0.125,1
2014,"2014_09_TB_CLE","2014-11-02","CLE","TB",0.571428571428571,0.142857142857143,4
2014,"2014_09_ARI_DAL","2014-11-02","DAL","ARI",0.75,0.857142857142857,1
2014,"2014_09_PHI_HOU","2014-11-02","HOU","PHI",0.5,0.714285714285714,0
2014,"2014_09_NYJ_KC","2014-11-02","KC","NYJ",0.571428571428571,0.125,0
2014,"2014_09_SD_MIA","2014-11-02","MIA","SD",0.571428571428571,0.625,0
2014,"2014_09_WAS_MIN","2014-11-02","MIN","WAS",0.375,0.375,5
2014,"2014_09_STL_SF","2014-11-02","SF","STL",0.571428571428571,0.285714285714286,1
2014,"2014_09_DEN_NE","2014-11-02","NE","DEN",0.75,0.857142857142857,2
2014,"2014_09_OAK_SEA","2014-11-02","SEA","OAK",0.571428571428571,0,1
2014,"2014_09_BAL_PIT","2014-11-02","PIT","BAL",0.625,0.625,1
2014,"2014_09_IND_NYG","2014-11-03","NYG","IND",0.428571428571429,0.625,0
2014,"2014_10_CLE_CIN","2014-11-06","CIN","CLE",0.6875,0.625,0
2014,"2014_10_TEN_BAL","2014-11-09","BAL","TEN",0.555555555555556,0.25,1
2014,"2014_10_KC_BUF","2014-11-09","BUF","KC",0.625,0.625,1
2014,"2014_10_MIA_DET","2014-11-09","DET","MIA",0.75,0.625,2
2014,"2014_10_DAL_JAX","2014-11-09","JAX","DAL",0.111111111111111,0.666666666666667,2
2014,"2014_10_SF_NO","2014-11-09","NO","SF",0.5,0.5,2
2014,"2014_10_PIT_NYJ","2014-11-09","NYJ","PIT",0.111111111111111,0.666666666666667,0
2014,"2014_10_ATL_TB","2014-11-09","TB","ATL",0.125,0.25,3
2014,"2014_10_DEN_OAK","2014-11-09","OAK","DEN",0,0.75,3
2014,"2014_10_STL_ARI","2014-11-09","ARI","STL",0.875,0.375,3
2014,"2014_10_NYG_SEA","2014-11-09","SEA","NYG",0.625,0.375,2
2014,"2014_10_CHI_GB","2014-11-09","GB","CHI",0.625,0.375,0
2014,"2014_10_CAR_PHI","2014-11-10","PHI","CAR",0.75,0.388888888888889,0
2014,"2014_11_BUF_MIA","2014-11-13","MIA","BUF",0.555555555555556,0.555555555555556,2
2014,"2014_11_ATL_CAR","2014-11-16","CAR","ATL",0.35,0.333333333333333,3
2014,"2014_11_MIN_CHI","2014-11-16","CHI","MIN",0.333333333333333,0.444444444444444,1
2014,"2014_11_HOU_CLE","2014-11-16","CLE","HOU",0.666666666666667,0.444444444444444,0
2014,"2014_11_SEA_KC","2014-11-16","KC","SEA",0.666666666666667,0.666666666666667,2
2014,"2014_11_CIN_NO","2014-11-16","NO","CIN",0.444444444444444,0.611111111111111,1
2014,"2014_11_SF_NYG","2014-11-16","NYG","SF",0.333333333333333,0.555555555555556,1
2014,"2014_11_DEN_STL","2014-11-16","STL","DEN",0.333333333333333,0.777777777777778,0
2014,"2014_11_TB_WAS","2014-11-16","WAS","TB",0.333333333333333,0.111111111111111,0
2014,"2014_11_OAK_SD","2014-11-16","SD","OAK",0.555555555555556,0,0
2014,"2014_11_DET_ARI","2014-11-16","ARI","DET",0.888888888888889,0.777777777777778,0
2014,"2014_11_PHI_GB","2014-11-16","GB","PHI",0.666666666666667,0.777777777777778,0
2014,"2014_11_NE_IND","2014-11-16","IND","NE",0.666666666666667,0.777777777777778,0
2014,"2014_11_PIT_TEN","2014-11-17","TEN","PIT",0.222222222222222,0.6,2
2014,"2014_12_KC_OAK","2014-11-20","OAK","KC",0,0.7,2
2014,"2014_12_CLE_ATL","2014-11-23","ATL","CLE",0.4,0.6,5
2014,"2014_12_TB_CHI","2014-11-23","CHI","TB",0.4,0.2,1
2014,"2014_12_CIN_HOU","2014-11-23","HOU","CIN",0.5,0.65,0
2014,"2014_12_JAX_IND","2014-11-23","IND","JAX",0.6,0.1,0
2014,"2014_12_GB_MIN","2014-11-23","MIN","GB",0.4,0.7,0
2014,"2014_12_DET_NE","2014-11-23","NE","DET",0.8,0.7,1
2014,"2014_12_TEN_PHI","2014-11-23","PHI","TEN",0.7,0.2,0
2014,"2014_12_STL_SD","2014-11-23","SD","STL",0.6,0.4,2
2014,"2014_12_ARI_SEA","2014-11-23","SEA","ARI",0.6,0.9,0
2014,"2014_12_MIA_DEN","2014-11-23","DEN","MIA",0.7,0.6,1
2014,"2014_12_WAS_SF","2014-11-23","SF","WAS",0.6,0.3,2
2014,"2014_12_DAL_NYG","2014-11-23","NYG","DAL",0.3,0.7,3
2014,"2014_12_NYJ_BUF","2014-11-24","BUF","NYJ",0.5,0.2,0
2014,"2014_12_BAL_NO","2014-11-24","NO","BAL",0.4,0.6,2
2014,"2014_13_CHI_DET","2014-11-27","DET","CHI",0.636363636363636,0.454545454545455,1
2014,"2014_13_PHI_DAL","2014-11-27","DAL","PHI",0.727272727272727,0.727272727272727,0
2014,"2014_13_SEA_SF","2014-11-27","SF","SEA",0.636363636363636,0.636363636363636,0
2014,"2014_13_SD_BAL","2014-11-30","BAL","SD",0.636363636363636,0.636363636363636,1
2014,"2014_13_CLE_BUF","2014-11-30","BUF","CLE",0.545454545454545,0.636363636363636,1
2014,"2014_13_TEN_HOU","2014-11-30","HOU","TEN",0.454545454545455,0.181818181818182,0
2014,"2014_13_WAS_IND","2014-11-30","IND","WAS",0.636363636363636,0.272727272727273,1
2014,"2014_13_NYG_JAX","2014-11-30","JAX","NYG",0.0909090909090909,0.272727272727273,3
2014,"2014_13_CAR_MIN","2014-11-30","MIN","CAR",0.363636363636364,0.318181818181818,0
2014,"2014_13_NO_PIT","2014-11-30","PIT","NO",0.636363636363636,0.363636363636364,1
2014,"2014_13_OAK_STL","2014-11-30","STL","OAK",0.363636363636364,0.0909090909090909,0
2014,"2014_13_CIN_TB","2014-11-30","TB","CIN",0.181818181818182,0.681818181818182,1
2014,"2014_13_ARI_ATL","2014-11-30","ATL","ARI",0.363636363636364,0.818181818181818,0
2014,"2014_13_NE_GB","2014-11-30","GB","NE",0.727272727272727,0.818181818181818,0
2014,"2014_13_DEN_KC","2014-11-30","KC","DEN",0.636363636363636,0.727272727272727,0
2014,"2014_13_MIA_NYJ","2014-12-01","NYJ","MIA",0.181818181818182,0.545454545454545,1
2014,"2014_14_DAL_CHI","2014-12-04","CHI","DAL",0.416666666666667,0.666666666666667,0
2014,"2014_14_PIT_CIN","2014-12-07","CIN","PIT",0.708333333333333,0.583333333333333,4
2014,"2014_14_IND_CLE","2014-12-07","CLE","IND",0.583333333333333,0.666666666666667,1
2014,"2014_14_TB_DET","2014-12-07","DET","TB",0.666666666666667,0.166666666666667,0
2014,"2014_14_HOU_JAX","2014-12-07","JAX","HOU",0.166666666666667,0.5,3
2014,"2014_14_BAL_MIA","2014-12-07","MIA","BAL",0.583333333333333,0.583333333333333,1
2014,"2014_14_NYJ_MIN","2014-12-07","MIN","NYJ",0.416666666666667,0.166666666666667,2
2014,"2014_14_CAR_NO","2014-12-07","NO","CAR",0.416666666666667,0.291666666666667,0
2014,"2014_14_NYG_TEN","2014-12-07","TEN","NYG",0.166666666666667,0.25,0
2014,"2014_14_STL_WAS","2014-12-07","WAS","STL",0.25,0.416666666666667,0
2014,"2014_14_KC_ARI","2014-12-07","ARI","KC",0.75,0.583333333333333,2
2014,"2014_14_BUF_DEN","2014-12-07","DEN","BUF",0.75,0.583333333333333,0
2014,"2014_14_SF_OAK","2014-12-07","OAK","SF",0.0833333333333333,0.583333333333333,4
2014,"2014_14_SEA_PHI","2014-12-07","PHI","SEA",0.75,0.666666666666667,1
2014,"2014_14_NE_SD","2014-12-07","SD","NE",0.666666666666667,0.75,2
2014,"2014_14_ATL_GB","2014-12-08","GB","ATL",0.75,0.416666666666667,0
2014,"2014_15_ARI_STL","2014-12-11","STL","ARI",0.461538461538462,0.769230769230769,1
2014,"2014_15_PIT_ATL","2014-12-14","ATL","PIT",0.384615384615385,0.615384615384615,0
2014,"2014_15_JAX_BAL","2014-12-14","BAL","JAX",0.615384615384615,0.153846153846154,4
2014,"2014_15_GB_BUF","2014-12-14","BUF","GB",0.538461538461538,0.769230769230769,3
2014,"2014_15_TB_CAR","2014-12-14","CAR","TB",0.346153846153846,0.153846153846154,4
2014,"2014_15_CIN_CLE","2014-12-14","CLE","CIN",0.538461538461538,0.653846153846154,0
2014,"2014_15_HOU_IND","2014-12-14","IND","HOU",0.692307692307692,0.538461538461538,1
2014,"2014_15_OAK_KC","2014-12-14","KC","OAK",0.538461538461538,0.153846153846154,0
2014,"2014_15_MIA_NE","2014-12-14","NE","MIA",0.769230769230769,0.538461538461538,0
2014,"2014_15_WAS_NYG","2014-12-14","NYG","WAS",0.307692307692308,0.230769230769231,3
2014,"2014_15_DEN_SD","2014-12-14","SD","DEN",0.615384615384615,0.769230769230769,0
2014,"2014_15_NYJ_TEN","2014-12-14","TEN","NYJ",0.153846153846154,0.153846153846154,3
2014,"2014_15_MIN_DET","2014-12-14","DET","MIN",0.692307692307692,0.461538461538462,1
2014,"2014_15_SF_SEA","2014-12-14","SEA","SF",0.692307692307692,0.538461538461538,2
2014,"2014_15_DAL_PHI","2014-12-14","PHI","DAL",0.692307692307692,0.692307692307692,2
2014,"2014_15_NO_CHI","2014-12-15","CHI","NO",0.384615384615385,0.384615384615385,0
2014,"2014_16_TEN_JAX","2014-12-18","JAX","TEN",0.142857142857143,0.142857142857143,1
2014,"2014_16_PHI_WAS","2014-12-20","WAS","PHI",0.214285714285714,0.642857142857143,4
2014,"2014_16_SD_SF","2014-12-20","SF","SD",0.5,0.571428571428571,1
2014,"2014_16_CLE_CAR","2014-12-21","CAR","CLE",0.392857142857143,0.5,2
2014,"2014_16_DET_CHI","2014-12-21","CHI","DET",0.357142857142857,0.714285714285714,2
2014,"2014_16_BAL_HOU","2014-12-21","HOU","BAL",0.5,0.642857142857143,0
2014,"2014_16_MIN_MIA","2014-12-21","MIA","MIN",0.5,0.428571428571429,3
2014,"2014_16_ATL_NO","2014-12-21","NO","ATL",0.428571428571429,0.357142857142857,1
2014,"2014_16_NE_NYJ","2014-12-21","NYJ","NE",0.214285714285714,0.785714285714286,2
2014,"2014_16_KC_PIT","2014-12-21","PIT","KC",0.642857142857143,0.571428571428571,2
2014,"2014_16_GB_TB","2014-12-21","TB","GB",0.142857142857143,0.714285714285714,0
2014,"2014_16_NYG_STL","2014-12-21","STL","NYG",0.428571428571429,0.357142857142857,0
2014,"2014_16_IND_DAL","2014-12-21","DAL","IND",0.714285714285714,0.714285714285714,0
2014,"2014_16_BUF_OAK","2014-12-21","OAK","BUF",0.142857142857143,0.571428571428571,1
2014,"2014_16_SEA_ARI","2014-12-21","ARI","SEA",0.785714285714286,0.714285714285714,1
2014,"2014_16_DEN_CIN","2014-12-22","CIN","DEN",0.678571428571429,0.785714285714286,3
2014,"2014_17_CLE_BAL","2014-12-28","BAL","CLE",0.6,0.466666666666667,2
2014,"2014_17_JAX_HOU","2014-12-28","HOU","JAX",0.533333333333333,0.2,4
2014,"2014_17_SD_KC","2014-12-28","KC","SD",0.533333333333333,0.6,0
2014,"2014_17_NYJ_MIA","2014-12-28","MIA","NYJ",0.533333333333333,0.2,5
2014,"2014_17_CHI_MIN","2014-12-28","MIN","CHI",0.4,0.333333333333333,2
2014,"2014_17_BUF_NE","2014-12-28","NE","BUF",0.8,0.533333333333333,0
2014,"2014_17_PHI_NYG","2014-12-28","NYG","PHI",0.4,0.6,3
2014,"2014_17_NO_TB","2014-12-28","TB","NO",0.133333333333333,0.4,1
2014,"2014_17_IND_TEN","2014-12-28","TEN","IND",0.133333333333333,0.666666666666667,0
2014,"2014_17_DAL_WAS","2014-12-28","WAS","DAL",0.266666666666667,0.733333333333333,2
2014,"2014_17_CAR_ATL","2014-12-28","ATL","CAR",0.4,0.433333333333333,0
2014,"2014_17_OAK_DEN","2014-12-28","DEN","OAK",0.733333333333333,0.2,0
2014,"2014_17_DET_GB","2014-12-28","GB","DET",0.733333333333333,0.733333333333333,0
2014,"2014_17_STL_SEA","2014-12-28","SEA","STL",0.733333333333333,0.4,1
2014,"2014_17_ARI_SF","2014-12-28","SF","ARI",0.466666666666667,0.733333333333333,3
2014,"2014_17_CIN_PIT","2014-12-28","PIT","CIN",0.666666666666667,0.7,2
2014,"2014_18_ARI_CAR","2015-01-03","CAR","ARI",0.46875,0.6875,2
2014,"2014_18_BAL_PIT","2015-01-03","PIT","BAL",0.6875,0.625,1
2014,"2014_18_CIN_IND","2015-01-04","IND","CIN",0.6875,0.65625,0
2014,"2014_18_DET_DAL","2015-01-04","DAL","DET",0.75,0.6875,1
2014,"2014_19_BAL_NE","2015-01-10","NE","BAL",0.75,0.647058823529412,1
2014,"2014_19_CAR_SEA","2015-01-10","SEA","CAR",0.75,0.5,0
2014,"2014_19_DAL_GB","2015-01-11","GB","DAL",0.75,0.764705882352941,2
2014,"2014_19_IND_DEN","2015-01-11","DEN","IND",0.75,0.705882352941177,1
2014,"2014_20_GB_SEA","2015-01-18","SEA","GB",0.764705882352941,0.764705882352941,1
2014,"2014_20_IND_NE","2015-01-18","NE","IND",0.764705882352941,0.722222222222222,0
2014,"2014_21_NE_SEA","2015-02-01","SEA","NE",0.777777777777778,0.777777777777778,2
